-- phpMyAdmin SQL Dump
-- version 4.7.4
-- https://www.phpmyadmin.net/
--
-- Host: 127.0.0.1:3306
-- Generation Time: Feb 25, 2018 at 04:48 PM
-- Server version: 5.7.19
-- PHP Version: 5.6.31

SET SQL_MODE = "NO_AUTO_VALUE_ON_ZERO";
SET AUTOCOMMIT = 0;
START TRANSACTION;
SET time_zone = "+00:00";


/*!40101 SET @OLD_CHARACTER_SET_CLIENT=@@CHARACTER_SET_CLIENT */;
/*!40101 SET @OLD_CHARACTER_SET_RESULTS=@@CHARACTER_SET_RESULTS */;
/*!40101 SET @OLD_COLLATION_CONNECTION=@@COLLATION_CONNECTION */;
/*!40101 SET NAMES utf8mb4 */;

--
-- Database: `library`
--

-- --------------------------------------------------------

--
-- Table structure for table `author`
--

DROP TABLE IF EXISTS `author`;
CREATE TABLE IF NOT EXISTS `author` (
  `id_author` int(11) NOT NULL AUTO_INCREMENT,
  `first_name` varchar(45) DEFAULT NULL,
  `last_name` varchar(45) NOT NULL,
  PRIMARY KEY (`id_author`)
) ENGINE=InnoDB AUTO_INCREMENT=1005 DEFAULT CHARSET=utf8;

--
-- Dumping data for table `author`
--

INSERT INTO `author` (`id_author`, `first_name`, `last_name`) VALUES
(711, 'Van', 'Parks'),
(712, 'Willis', 'Patrick'),
(713, 'Beth', 'Drake'),
(714, 'Jeannie', 'Cain'),
(715, 'Tracy', 'Gonzales'),
(716, 'Stacy', 'Hoffman'),
(717, 'Mark', 'Herrera'),
(718, 'Minnie', 'Norton'),
(719, 'Maryann', 'Medina'),
(720, 'Felipe', 'Ball'),
(721, 'Terrance', 'Castro'),
(722, 'Paula', 'Boyd'),
(723, 'Loren', 'Harrington'),
(724, 'Doris', 'Washington'),
(725, 'Kristy', 'Vaughn'),
(726, 'Joanna', 'Quinn'),
(727, 'Lyle', 'Robinson'),
(728, 'Sophia', 'Abbott'),
(729, 'Alton', 'Bowman'),
(730, 'Taylor', 'Nichols'),
(731, 'Gretchen', 'Cooper'),
(732, 'Cindy', 'Neal'),
(733, 'Estelle', 'Scott'),
(734, 'Phyllis', 'Cox'),
(735, 'Vicki', 'Long'),
(736, 'Karen', 'Dunn'),
(737, 'Vanessa', 'Mcguire'),
(738, 'Oliver', 'Byrd'),
(739, 'Sonja', 'Harrison'),
(740, 'Kim', 'Kelly'),
(741, 'Wilbert', 'Allen'),
(742, 'Darlene', 'Weber'),
(743, 'Francisco', 'Miles'),
(744, 'Leo', 'Chavez'),
(745, 'Kirk', 'Swanson'),
(746, 'Chad', 'Coleman'),
(747, 'Alison', 'Obrien'),
(748, 'Rachel', 'Griffith'),
(749, 'Eunice', 'Newton'),
(750, 'Billy', 'Singleton'),
(751, 'Allan', 'Meyer'),
(752, 'Alberto', 'Ballard'),
(753, 'Steve', 'Wells'),
(754, 'Jody', 'Walters'),
(755, 'Anita', 'Flowers'),
(756, 'Carroll', 'Chapman'),
(757, 'Connie', 'Knight'),
(758, 'Troy', 'Howell'),
(759, 'Wayne', 'Burke'),
(760, 'Marco', 'Logan'),
(761, 'Darin', 'Fitzgerald'),
(762, 'Dawn', 'Baldwin'),
(763, 'Henry', 'Walker'),
(764, 'Agnes', 'Green'),
(765, 'Merle', 'Mills'),
(766, 'Stacy', 'Hampton'),
(767, 'Max', 'Lawson'),
(768, 'Wilbur', 'Rhodes'),
(769, 'James', 'Rose'),
(770, 'Theodore', 'Strickland'),
(771, 'Brendan', 'Cunningham'),
(772, 'Claudia', 'Munoz'),
(773, 'Chester', 'Morton'),
(774, 'Drew', 'Nunez'),
(775, 'Joanne', 'Cannon'),
(776, 'Brandi', 'Rios'),
(777, 'Eileen', 'Stephens'),
(778, 'Gerald', 'Shaw'),
(779, 'Bobby', 'Sherman'),
(780, 'Lola', 'Barnett'),
(781, 'Nora', 'Reynolds'),
(782, 'Justin', 'Stevenson'),
(783, 'Bill', 'Hines'),
(784, 'Karla', 'Glover'),
(785, 'Derrick', 'Salazar'),
(786, 'Juana', 'Richards'),
(787, 'Colleen', 'Bryan'),
(788, 'Brian', 'Houston'),
(789, 'Cassandra', 'Colon'),
(790, 'Stewart', 'Reyes'),
(791, 'Carol', 'Brooks'),
(792, 'Florence', 'Harmon'),
(793, 'Sam', 'Christensen'),
(794, 'Celia', 'Reeves'),
(795, 'Sean', 'Reese'),
(796, 'Renee', 'Floyd');

-- --------------------------------------------------------

--
-- Table structure for table `author_has_book`
--

DROP TABLE IF EXISTS `author_has_book`;
CREATE TABLE IF NOT EXISTS `author_has_book` (
  `id_book` int(11) NOT NULL,
  `id_author` int(11) NOT NULL,
  PRIMARY KEY (`id_book`,`id_author`),
  KEY `fk_author_has_book_book1_idx` (`id_book`),
  KEY `fk_author_has_book_author1_idx` (`id_author`)
) ENGINE=InnoDB DEFAULT CHARSET=utf8;

--
-- Dumping data for table `author_has_book`
--

INSERT INTO `author_has_book` (`id_book`, `id_author`) VALUES
(1, 768),
(2, 721),
(2, 747),
(3, 712),
(4, 793),
(5, 743),
(6, 742),
(7, 757),
(8, 761),
(9, 740),
(9, 766),
(10, 718),
(10, 739),
(11, 737),
(11, 779),
(11, 795),
(12, 712),
(12, 754),
(13, 746),
(13, 795),
(14, 756),
(14, 765),
(15, 751),
(15, 765),
(16, 712),
(16, 728),
(16, 754),
(17, 788),
(18, 759),
(18, 778),
(19, 714),
(19, 744),
(20, 760),
(21, 748),
(22, 728),
(23, 713),
(23, 766),
(24, 742),
(24, 752),
(24, 762),
(24, 772),
(25, 737),
(25, 782),
(26, 774),
(27, 775),
(28, 771),
(28, 783),
(29, 733),
(30, 793),
(31, 722),
(31, 753),
(31, 767),
(31, 782),
(32, 721),
(32, 739),
(33, 715),
(33, 786),
(34, 717),
(35, 755),
(35, 781),
(36, 721),
(36, 726),
(36, 762),
(37, 786),
(38, 725),
(38, 793),
(39, 712),
(40, 741),
(41, 744),
(41, 755),
(41, 788),
(42, 786),
(43, 769),
(44, 755),
(44, 776),
(45, 781),
(45, 792),
(45, 793),
(46, 758),
(46, 772),
(47, 757),
(47, 778),
(48, 768),
(49, 732),
(49, 744),
(50, 717),
(50, 778),
(51, 726),
(52, 786),
(53, 743),
(54, 713),
(54, 736),
(54, 771),
(55, 789),
(56, 730),
(57, 740),
(57, 747),
(57, 759),
(58, 788),
(58, 789),
(59, 751),
(59, 783),
(60, 767),
(61, 715),
(61, 727),
(61, 750),
(61, 759),
(61, 770),
(61, 784),
(62, 770),
(63, 722),
(64, 731),
(65, 721),
(65, 739),
(65, 747),
(66, 716),
(66, 725),
(66, 733),
(67, 757),
(68, 756),
(68, 769),
(68, 771),
(69, 735),
(69, 762),
(70, 723),
(71, 711),
(71, 774),
(72, 775),
(73, 740),
(73, 786),
(74, 712),
(74, 719),
(74, 745),
(75, 751),
(76, 770),
(77, 739),
(77, 759),
(78, 795),
(79, 771),
(80, 776),
(81, 718),
(81, 784),
(81, 794),
(82, 790),
(84, 729),
(84, 784),
(84, 793),
(85, 731),
(86, 720),
(86, 771),
(86, 791),
(87, 726),
(88, 712),
(88, 742),
(89, 778),
(90, 713),
(90, 727),
(91, 796),
(92, 716),
(92, 732),
(92, 786),
(92, 789),
(93, 773),
(94, 735),
(94, 779),
(95, 730),
(95, 755),
(96, 741),
(96, 753),
(96, 776),
(97, 780),
(97, 794),
(98, 758),
(99, 726),
(99, 781),
(100, 740),
(100, 775),
(100, 783),
(101, 714),
(101, 747),
(101, 785),
(102, 760),
(102, 764),
(103, 727),
(104, 749),
(104, 779),
(105, 714),
(105, 733),
(105, 783),
(106, 776),
(107, 775),
(107, 782),
(108, 722),
(109, 714),
(109, 731),
(109, 736),
(109, 794),
(110, 723),
(111, 796),
(112, 755),
(112, 758),
(112, 792),
(112, 794),
(113, 729),
(113, 758),
(114, 737),
(115, 729),
(115, 749),
(115, 775),
(116, 729),
(116, 755),
(116, 765),
(117, 711),
(118, 714),
(118, 763),
(119, 747),
(120, 720),
(120, 753),
(120, 788),
(121, 726),
(121, 785),
(122, 715),
(122, 716),
(122, 734),
(122, 765),
(123, 759),
(123, 782),
(123, 784),
(124, 746),
(124, 780),
(124, 789),
(124, 796),
(125, 730),
(125, 759),
(126, 792),
(127, 790),
(128, 730),
(128, 758),
(129, 711),
(129, 736),
(129, 747),
(129, 770),
(130, 716),
(130, 789),
(130, 790),
(131, 733),
(131, 744),
(132, 730),
(133, 759),
(133, 768),
(134, 780),
(134, 791),
(135, 718),
(136, 754),
(136, 769),
(136, 788),
(137, 724),
(137, 732),
(137, 751),
(138, 784),
(139, 713),
(139, 761),
(140, 747),
(141, 764),
(142, 737),
(142, 745),
(142, 746),
(143, 732),
(143, 781),
(144, 712),
(144, 756),
(145, 730),
(145, 779),
(146, 713),
(147, 723),
(147, 762),
(148, 723),
(149, 731),
(149, 752),
(149, 755),
(149, 778),
(150, 781),
(151, 758),
(152, 716),
(153, 728),
(154, 717),
(155, 734),
(155, 741),
(156, 766),
(157, 711),
(157, 721),
(157, 741),
(158, 722),
(158, 750),
(158, 765),
(158, 772),
(158, 781),
(159, 750),
(160, 731),
(160, 734),
(161, 735),
(161, 760),
(162, 734),
(162, 760),
(162, 761),
(162, 785),
(163, 726),
(163, 757),
(163, 779),
(164, 749),
(164, 781),
(164, 793),
(165, 734),
(165, 739),
(165, 748),
(165, 790),
(166, 712),
(167, 724),
(168, 744),
(168, 759),
(169, 796),
(170, 763),
(171, 740),
(171, 793),
(172, 734),
(172, 781),
(173, 716),
(173, 781),
(174, 753),
(174, 791),
(175, 784),
(175, 793),
(176, 780),
(177, 755),
(177, 768),
(178, 732),
(178, 761),
(179, 737),
(179, 743),
(180, 723),
(180, 733),
(181, 734),
(181, 795),
(182, 743),
(182, 755),
(183, 791),
(184, 745),
(184, 765),
(184, 777),
(185, 720),
(185, 791),
(186, 728),
(186, 740),
(186, 760),
(187, 771),
(188, 719),
(188, 769),
(188, 792),
(189, 721),
(189, 750),
(190, 736),
(190, 795),
(191, 731),
(191, 777),
(192, 722),
(192, 771),
(193, 775),
(194, 740),
(194, 784),
(194, 785),
(195, 726),
(195, 738),
(195, 789),
(196, 746),
(196, 771),
(197, 760),
(198, 726),
(199, 792),
(200, 724),
(201, 749),
(202, 757),
(203, 742),
(203, 756),
(204, 763),
(204, 772),
(204, 778),
(205, 779),
(206, 711),
(206, 787),
(207, 783),
(208, 730),
(208, 764),
(209, 722),
(209, 795),
(210, 724),
(210, 734),
(211, 714),
(211, 756),
(211, 762),
(212, 744),
(212, 749),
(212, 784),
(213, 758),
(213, 766),
(214, 769),
(215, 711),
(215, 789),
(216, 742),
(216, 754),
(217, 714),
(217, 754),
(218, 734),
(218, 735),
(219, 745),
(219, 779),
(219, 791),
(220, 775),
(220, 776),
(221, 711),
(221, 733),
(222, 716),
(222, 791),
(223, 730),
(223, 747),
(223, 795),
(224, 743),
(225, 760),
(225, 783),
(226, 783),
(227, 730),
(227, 793),
(228, 729),
(228, 746),
(229, 719),
(229, 770),
(229, 795),
(230, 716),
(231, 735),
(232, 754),
(232, 757),
(233, 791),
(233, 793),
(234, 718),
(234, 761),
(234, 786),
(235, 769),
(235, 772),
(236, 786),
(237, 736),
(237, 784),
(238, 740),
(238, 796),
(239, 777),
(240, 731),
(240, 746),
(240, 780),
(241, 785),
(242, 716),
(242, 733),
(243, 737),
(243, 739),
(243, 754),
(243, 765),
(244, 738),
(245, 770),
(245, 790),
(245, 795),
(246, 713),
(246, 734),
(247, 753),
(248, 772),
(249, 715),
(249, 755),
(250, 744),
(251, 715),
(252, 750),
(252, 770),
(252, 794),
(253, 780),
(253, 786),
(254, 770),
(255, 724),
(255, 729),
(256, 731),
(256, 767),
(256, 779),
(257, 732),
(257, 758),
(257, 767),
(258, 741),
(258, 755),
(258, 770),
(259, 729),
(259, 771),
(259, 781),
(260, 714),
(261, 780),
(261, 793),
(262, 722),
(263, 727),
(264, 721),
(265, 762),
(266, 741),
(267, 717),
(267, 789),
(268, 754),
(268, 770),
(269, 726),
(269, 770),
(270, 786),
(271, 790),
(272, 741),
(273, 723),
(273, 788),
(274, 724),
(274, 750),
(274, 765),
(274, 771),
(275, 719),
(275, 793),
(276, 794),
(277, 726),
(278, 714),
(278, 759),
(279, 720),
(279, 743),
(280, 774),
(281, 724),
(282, 721),
(282, 751),
(283, 774),
(284, 796),
(285, 781),
(285, 787),
(286, 730),
(286, 733),
(287, 785),
(288, 727),
(289, 722),
(289, 783),
(290, 738),
(290, 778),
(291, 726),
(291, 765),
(292, 738),
(292, 784),
(293, 775),
(294, 766),
(294, 771),
(294, 795),
(295, 751),
(296, 711),
(297, 718),
(297, 752),
(298, 782),
(299, 749),
(300, 772),
(301, 752),
(301, 791),
(302, 740),
(302, 794),
(303, 749),
(303, 768),
(303, 791),
(304, 734),
(305, 742),
(305, 750),
(306, 728),
(306, 782),
(307, 726),
(308, 734),
(309, 786),
(310, 711),
(310, 716),
(310, 744),
(310, 781),
(311, 727),
(311, 755),
(312, 721),
(313, 784),
(314, 719),
(314, 737),
(315, 734),
(315, 762),
(316, 786),
(317, 725),
(318, 744),
(318, 750),
(319, 723),
(320, 714),
(320, 721),
(321, 717),
(321, 735),
(321, 742),
(322, 751);

-- --------------------------------------------------------

--
-- Table structure for table `book`
--

DROP TABLE IF EXISTS `book`;
CREATE TABLE IF NOT EXISTS `book` (
  `id_book` int(11) NOT NULL AUTO_INCREMENT,
  `ISBN` varchar(13) DEFAULT NULL,
  `name` varchar(255) NOT NULL,
  `page_num` int(11) DEFAULT NULL,
  `publication_year` year(4) DEFAULT NULL,
  PRIMARY KEY (`id_book`)
) ENGINE=InnoDB AUTO_INCREMENT=323 DEFAULT CHARSET=utf8;

--
-- Dumping data for table `book`
--

INSERT INTO `book` (`id_book`, `ISBN`, `name`, `page_num`, `publication_year`) VALUES
(1, '4887084793486', 'Lord Of Dread', 215, 1947),
(2, '1781739866104', 'Pilot Of Fortune', 467, 1908),
(3, '2238467303760', 'Fish Without Faith', 863, 1958),
(4, '4109664522524', 'Horses With Honor', 66, 1961),
(5, '6990901198455', 'Foes And Wives', 223, 1976),
(6, '5215396882083', 'Lords And Fish', 822, 1957),
(7, '6989765696623', 'Defeat Of The Gods', 53, 1910),
(8, '4987890299437', 'Fortune Of Perfection', 116, 1959),
(9, '4858547768869', 'Dead In The Emperor', 47, 2011),
(10, '1904158105174', 'Signs In The Country', 349, 1981),
(11, '1735048653757', 'Boy Without Time', 912, 1917),
(12, '1211111535245', 'Hawk Of The End', 171, 1951),
(13, '9991470260263', 'Heirs Of My Imagination', 565, 1991),
(14, '2191940268025', 'Knights Of Utopia', 514, 1987),
(15, '4617585528905', 'Traitors And Men', 969, 1909),
(16, '8898172445910', 'Mice And Soldiers', 387, 1967),
(17, '3240320945103', 'Choice Of Hell', 225, 1913),
(18, '6350501378349', 'Ruins Of The North', 703, 2005),
(19, '8216779666102', 'Battle Of The West', 786, 1996),
(20, '1248166233150', 'Amusing The Sea', 776, 1914),
(21, '8761141105404', 'Mouse Of The South', 259, 1968),
(22, '2883433310768', 'Human Of The Nation', 494, 1998),
(23, '4335355036446', 'Slaves Of The End', 340, 1935),
(24, '7399056629092', 'Women Of Sorrow', 893, 2004),
(25, '8236099580611', 'Trees And Heroes', 631, 1987),
(26, '4871855125754', 'Armies And Officers', 36, 1924),
(27, '5543886841603', 'Hope Without Glory', 810, 1945),
(28, '1950106823510', 'Ascension Of The Eclipse', 48, 1961),
(29, '8645446410162', 'Signs At The Mountains', 974, 2012),
(30, '4396887292606', 'Praised By The Light', 783, 1980),
(31, '7736899594541', 'Boy Of Yesterday', 414, 1997),
(32, '1884032267497', 'Stranger Of Next Year', 839, 1916),
(33, '3540091330506', 'Thieves Of Greatness', 838, 1973),
(34, '1817502176521', 'Dogs Of Stone', 30, 1920),
(35, '7293539791382', 'Defenders And Invaders', 74, 1915),
(36, '980383835152', 'Friends And Snakes', 754, 1986),
(37, '1995397365104', 'Disruption Of Sorrow', 859, 1990),
(38, '5498054621222', 'Means Of The Banished', 582, 2011),
(39, '5388030659704', 'Life Beneath The Abyss', 203, 1958),
(40, '5540141485528', 'Growing In Secrets', 664, 1974),
(41, '2472302219608', 'Vulture Of The Void', 655, 1999),
(42, '7427073478074', 'Assassin Without Courage', 512, 1925),
(43, '9978013814125', 'Witches Of Dusk', 88, 2011),
(44, '1516888110217', 'Rats Of Darkness', 469, 1949),
(45, '3504651247870', 'Invaders And Armies', 38, 1968),
(46, '9464845229552', 'Vultures And Pilots', 492, 1968),
(47, '7646776932914', 'Future Of The Nation', 774, 2009),
(48, '4365951724880', 'Vengeance Of Utopia', 17, 1959),
(49, '9093488404225', 'Punished By The Moon', 61, 1906),
(50, '9432554641512', 'Crying In The Country', 955, 1962),
(51, '7742671515564', 'Vulture Of The Void', 655, 1999),
(52, '5486121786828', 'Assassin Without Courage', 370, 1959),
(53, '8111160714845', 'Witches Of Dusk', 622, 1955),
(54, '7390623679924', 'Rats Of Darkness', 60, 1958),
(55, '1305276652435', 'Invaders And Armies', 255, 1939),
(56, '9863004009254', 'Vultures And Pilots', 58, 1903),
(57, '2039909661655', 'Future Of The Nation', 829, 1915),
(58, '9550034751171', 'Vengeance Of Utopia', 126, 1950),
(59, '296626436375', 'Punished By The Moon', 320, 2005),
(60, '9589580050738', 'Crying In The Country', 964, 1969),
(61, '5367582876268', 'Dog With Money', 662, 1984),
(62, '3673443760641', 'Defender Of The Stars', 463, 1937),
(63, '7386627685182', 'Butchers Without Fear', 969, 1927),
(64, '9943247431870', 'Women Of The End', 770, 1959),
(65, '7539730701217', 'Rebels And Thieves', 866, 1909),
(66, '4784187832085', 'Bandits And Pilots', 25, 1978),
(67, '4225733043260', 'Death Of Glory', 294, 1943),
(68, '4810494641751', 'Doom Of Freedom', 183, 1935),
(69, '8876445764264', 'Hiding The Apocolypse', 541, 2005),
(70, '3875560197786', 'Force Of My Husband', 869, 1965),
(71, '855349961771', 'Vulture Of The East', 780, 2010),
(72, '2582032114725', 'Snake Of The Solstice', 97, 1911),
(73, '1462674385299', 'Pirates With Strength', 163, 1995),
(74, '8526478338942', 'Gods Without Flaws', 974, 1906),
(75, '4838897204684', 'Assassins And Knights', 138, 1946),
(76, '9289331671448', 'Swindlers And Hunters', 182, 2014),
(77, '4463853870689', 'Honor Of Twilight', 944, 1924),
(78, '5350909786320', 'Vengeance Of Despair', 775, 1922),
(79, '9091933418281', 'Symbols Of The Void', 534, 1946),
(80, '9719300911753', 'Escape My Enemies', 565, 1919),
(81, '1684457655869', 'Army Of The Ancestors', 152, 1918),
(82, '4943291576164', 'Parrot Of Hell', 297, 1948),
(84, '9722351404367', 'Blacksmiths Of The Banished', 595, 1988),
(85, '7804442698418', 'Cats And Dogs', 150, 1943),
(86, '7458461378370', 'Creators And Foes', 318, 1965),
(87, '6058121015040', 'Ancestry Of Perfection', 403, 1951),
(88, '8584375825007', 'Cause Of The River', 185, 1998),
(89, '3137436918101', 'Breath Of Time', 210, 1902),
(90, '6659966585729', 'Rescue At The Shadows', 298, 1967),
(91, '1543186150952', 'Army Of The Curse', 514, 1923),
(92, '6789761824981', 'Soldier Of Heaven', 467, 1998),
(93, '6385359195278', 'Men Without A Conscience', 114, 1948),
(94, '1437529744800', 'Spies Of Rainbows', 270, 1923),
(95, '6904436106737', 'Robots And Soldiers', 874, 1969),
(96, '6106537823507', 'Priests And Priests', 100, 1969),
(97, '9837779172691', 'Birth Of Fire', 392, 2001),
(98, '9231595106507', 'Choice Of The North', 187, 2010),
(99, '1474827356339', 'Scared At The Beginning', 671, 1996),
(100, '3056091346278', 'Separated In The Dungeons', 917, 1921),
(101, '6217262966464', 'Invader Without Fear', 595, 1909),
(102, '6942891246485', 'Foe Without Desire', 836, 1997),
(103, '3368860999908', 'Owls Of Eternity', 209, 1981),
(104, '7527148246258', 'Phantoms Of Eternity', 793, 1926),
(105, '6454441766960', 'Officers And Dogs', 134, 1937),
(106, '3650838564072', 'Rebels And Spiders', 614, 1901),
(107, '4139987455254', 'Ascension Without Flaws', 380, 1954),
(108, '8398435587380', 'Extinction Of Next Year', 878, 1957),
(109, '799330108291', 'Meeting In The Elements', 917, 1934),
(110, '1531775159196', 'Force Of The Ashes', 160, 2007),
(111, '3505378978624', 'Snake Without A Goal', 464, 1992),
(112, '6729895949112', 'Pilot Of Freedom', 714, 1953),
(113, '4096168733105', 'Gods Of Fortune', 852, 1901),
(114, '1653033861222', 'Traitors Of The Eclipse', 879, 1950),
(115, '921078765955', 'Vultures And Swindlers', 291, 1957),
(116, '5273585358268', 'Fish And Horses', 824, 1930),
(117, '1174438745490', 'Ascension Of The Great', 806, 1999),
(118, '7887907245149', 'Union Of The Curse', 663, 1997),
(119, '8118696971184', 'Hurting The Dungeons', 664, 1972),
(120, '8083278737424', 'Chasing The Champions', 440, 1906),
(121, '6897631479519', 'Enemy Without Hope', 250, 1961),
(122, '5719763259538', 'Dog With Honor', 874, 1904),
(123, '9339914629813', 'Assassins Without Duty', 528, 1912),
(124, '917151510537', 'Turtles Of The Banished', 424, 1925),
(125, '83613607501', 'Phantoms And Officers', 88, 1979),
(126, '8506037718084', 'Cats And Creators', 45, 1921),
(127, '5864292463680', 'Rise Of The Forest', 272, 1998),
(128, '3254929256498', 'Bane Of Utopia', 350, 1928),
(129, '1959488722778', 'Signs At The Country', 443, 1924),
(130, '1284428671223', 'Fighting The Dark', 11, 1973),
(131, '7309604642558', 'Fish Of My Imagination', 501, 1997),
(132, '9914709357908', 'Queen Of The Forest', 882, 1963),
(133, '2070390629073', 'Serpents Of The Forsaken', 256, 1967),
(134, '1397341774343', 'Lions Without Flaws', 889, 2013),
(135, '5576449608477', 'Doctors And Serpents', 376, 1968),
(136, '5618391914669', 'Kings And Armies', 618, 2010),
(137, '6679703207646', 'Scourge Of The Light', 428, 1980),
(138, '1308753444181', 'Magical Forest', 429, 1939),
(139, '2528716555538', 'Arriving At The Dungeons', 531, 1986),
(140, '2196878855114', 'Meeting In My Wife', 243, 1923),
(141, '2966231815687', 'Foe Of The Ancestors', 821, 1936),
(142, '3870471743380', 'Woman With Strength', 190, 1921),
(143, '4366473097680', 'Trees With Pride', 31, 1928),
(144, '4573857779122', 'Heirs Of Silver', 716, 1937),
(145, '3005495193971', 'Women And Giants', 187, 1966),
(146, '1869697974867', 'Aliens And Cats', 629, 1940),
(147, '9905893338119', 'Death Of The Ocean', 872, 2005),
(148, '362403208537', 'World Of The World', 813, 1923),
(149, '3602280226610', 'Altering My Leader', 235, 1940),
(150, '3427053497284', 'Learning From The Slaves', 722, 1947),
(151, '8238906167828', 'Goddess Of My Imagination', 351, 1985),
(152, '1050350088849', 'Boy Of Twilight', 422, 1944),
(153, '2448699312558', 'Men Without Fear', 439, 1915),
(154, '2010807550914', 'Friends Without Time', 462, 1997),
(155, '81188284647', 'Bandits And Bandits', 160, 1933),
(156, '8634460075100', 'Enemies And Pirates', 312, 1938),
(157, '9544743269113', 'Source Of The Forest', 288, 1945),
(158, '7230085211284', 'Victory Of The Gods', 852, 1916),
(159, '1262441876985', 'Force Of Myself', 347, 1997),
(160, '8847870315036', 'Answering The Slaves', 868, 1943),
(161, '9710230321033', 'Invader With Honor', 942, 1933),
(162, '3338493210608', 'Tree Of The Land', 533, 1970),
(163, '5372518953983', 'Knights Of Utopia', 370, 2000),
(164, '9226931049554', 'Strangers Of Eternity', 931, 1956),
(165, '7025522076953', 'Trees And Wives', 951, 1969),
(166, '5727298145294', 'Turtles And Serpents', 139, 1938),
(167, '1481515206746', 'Chase Of Utopia', 221, 2012),
(168, '9295355826636', 'Ancestry Of The Day', 990, 2007),
(169, '7408717858810', 'Rejecting Time', 836, 1930),
(170, '1849550187013', 'Faith Of The City', 967, 2005),
(171, '4187699443533', 'Medic Of The Forest', 88, 1954),
(172, '8056241581823', 'Tortoise Without Duty', 797, 1962),
(173, '8987055600002', 'Enemies Of Hell', 771, 2010),
(174, '4712288510743', 'Rebels Of Dawn', 346, 1937),
(175, '2161681282864', 'Men And Snakes', 427, 1905),
(176, '138228715118', 'Butchers And Bandits', 872, 1953),
(177, '377025910781', 'Root Of Perfection', 294, 1947),
(178, '8318069931141', 'Staff Of Freedom', 792, 1911),
(179, '9713760180447', 'Force Of The Champions', 13, 1989),
(180, '3832417159347', 'Vanishing Into Nightmares', 752, 1901),
(181, '5967103503057', 'Angel Of The West', 51, 1972),
(182, '2241490388873', 'Soldier Of Darkness', 510, 1997),
(183, '3900539647493', 'Officers Without Direction', 593, 1943),
(184, '6958024259308', 'Slaves With Money', 538, 1902),
(185, '8099535036531', 'Robots And Wolves', 16, 1940),
(186, '6175974889529', 'Girls And Lions', 781, 2009),
(187, '5556593160144', 'Restoration Of Sorrow', 885, 1930),
(188, '2414270010743', 'Design Of The Prison', 420, 1985),
(189, '822093727921', 'Bound To The Demons', 679, 1967),
(190, '1181478548014', 'Praise The Graveyard', 450, 2005),
(191, '333357815665', 'Duchess Of The Lost Ones', 333, 1984),
(192, '3201015899775', 'Serpent Of The West', 848, 1901),
(193, '1362307231571', 'Aliens Of Hell', 321, 2004),
(194, '6876906872464', 'Criminals With Wings', 13, 1931),
(195, '6056157643962', 'Men And Assassins', 259, 1995),
(196, '3728276213777', 'Mice And Officers', 42, 1946),
(197, '4497879664073', 'Restoration Of The East', 322, 1971),
(198, '2782488448522', 'Tree Of Rainbows', 787, 1994),
(199, '3981303568705', 'Scared Of The Past', 428, 1924),
(200, '3732276465622', 'Rejecting The West', 952, 1913),
(201, '9673729127282', 'Woman Of Dreams', 66, 2004),
(202, '8952261782019', 'Dog Of History', 814, 1990),
(203, '9711787232487', 'Pilots Of Heaven', 75, 1934),
(204, '9302776902133', 'Witches Of The East', 820, 2013),
(205, '7411720880455', 'Wolves And Warriors', 484, 1924),
(206, '6999056726422', 'Heroes And Blacksmiths', 737, 1903),
(207, '5808293823715', 'Source Of Dread', 932, 2001),
(208, '7140013023475', 'Fortune Without Time', 435, 1910),
(209, '7008499209045', 'Guarded By The Swamp', 604, 1908),
(210, '3449626728148', 'Meeting In The North', 307, 1933),
(211, '6724144694618', 'Medic Without Desire', 698, 1912),
(212, '9098892961155', 'Man Of My Imagination', 647, 1942),
(213, '8851233547206', 'Women Of Glory', 994, 2004),
(214, '8423575389915', 'Wives Of The Stars', 755, 1952),
(215, '4063654923276', 'Traitors And Wolves', 186, 1913),
(216, '3340836420872', 'Kings And Friends', 423, 2008),
(217, '4614745918742', 'Climax Of The Day', 706, 1998),
(218, '3372119444405', 'Staff Of Earth', 565, 1917),
(219, '7785118946378', 'Question Dreams', 784, 1909),
(220, '551931488739', 'Forsaking The Ocean', 709, 1919),
(221, '2871867455207', 'Hero Of The East', 366, 1974),
(222, '653887070084', 'God Of The Forest', 314, 1982),
(223, '5223277210335', 'Enemies Of History', 194, 1914),
(224, '5947272827150', 'Kings Of Tomorrow', 663, 2008),
(225, '3716568133881', 'Heroes And Swindlers', 527, 1919),
(226, '9147063824536', 'Heirs And Humans', 359, 1902),
(227, '241220628463', 'Tower Of Glory', 285, 1924),
(228, '78580915226', 'Moon Of The South', 948, 1941),
(229, '1501700715935', 'Delaying Nature', 704, 1991),
(230, '9906928194355', 'Separated At Dreams', 62, 1959),
(231, '4494434250445', 'Raven Of Tomorrow', 213, 1911),
(232, '6634798694651', 'Slave Of The Sea', 894, 1918),
(233, '9709788714705', 'Guardians Of Greatness', 637, 1902),
(234, '8088115481068', 'Rats Of Dread', 74, 2003),
(235, '1533976551461', 'Criminals And Agents', 540, 1939),
(236, '6207099337509', 'Aliens And Humans', 433, 1982),
(237, '6399007015419', 'Castle Of Utopia', 81, 1945),
(238, '4217647233461', 'Moon Of The Gods', 596, 1912),
(239, '2309772410653', 'Controlling My Family', 302, 1915),
(240, '1135208070071', 'Chasing My End', 280, 1949),
(241, '2625303928337', 'Baker Of The Night', 112, 1904),
(242, '7177246147650', 'Pilot Without Glory', 173, 1984),
(243, '6642972678977', 'Friends Of Water', 819, 1943),
(244, '6127915660590', 'Mice Of The River', 556, 1937),
(245, '735888655022', 'Aliens And Foes', 977, 1917),
(246, '2934304584128', 'Wolves And Thieves', 125, 2012),
(247, '7010558979191', 'Curse With Immortality', 314, 1925),
(248, '848979116923', 'Determination Without Time', 763, 1941),
(249, '4787462391691', 'Welcome To My Nightmares', 45, 1930),
(250, '6387711537695', 'Bleeding In My School', 981, 1950),
(251, '7170279387578', 'Wolf Of The North', 57, 1924),
(252, '3338409715488', 'Priest With Strength', 983, 1966),
(253, '1710702646302', 'Mice Of The End', 695, 1902),
(254, '3174339733074', 'Children Without Honor', 345, 1979),
(255, '9153241256145', 'Spiders And Children', 257, 1928),
(256, '1065983933085', 'Knights And Guardians', 519, 1990),
(257, '7714749956411', 'Tower Without Desire', 63, 1931),
(258, '2558734311229', 'Root Of The Sea', 702, 1902),
(259, '6017646624233', 'Enhancing The Graveyard', 922, 1987),
(260, '7968217436463', 'Welcome To The Light', 715, 1912),
(261, '7002647491514', 'Slave Of My Imagination', 889, 1961),
(262, '1584978517442', 'Foreigner With Honor', 436, 1946),
(263, '6615251137297', 'Heirs With Wings', 770, 1919),
(264, '3330354788618', 'Armies Of The Frontline', 977, 1966),
(265, '1682155503224', 'Children And Foreigners', 477, 1930),
(266, '4084882202052', 'Heroes And Trees', 618, 1930),
(267, '7045054632653', 'Border Of Hope', 820, 1913),
(268, '3096306413198', 'Spire Of The Forest', 957, 1906),
(269, '9865768961636', 'Prepare For The West', 154, 1974),
(270, '5165486298646', 'Inventing The Darkness', 498, 1902),
(271, '5175871188487', 'Assassin Of Time', 513, 1991),
(272, '9224770469156', 'Wolf Without Courage', 353, 1985),
(273, '1156193970242', 'Horses Of My Imagination', 288, 1972),
(274, '4872059592725', 'Wolves Without Glory', 626, 1910),
(275, '513485500305', 'Pirates And Hunters', 371, 1932),
(276, '4468688129901', 'Companions And Strangers', 673, 1903),
(277, '4133435611748', 'Victory Of The West', 690, 1982),
(278, '1404896755095', 'Family Of The Prison', 373, 1934),
(279, '3954594382056', 'Guarded By The Graveyard', 746, 1942),
(280, '9917484704502', 'Breaking The Ocean', 416, 2015),
(281, '300789075202', 'Descendant Of The End', 93, 1989),
(282, '8710464486877', 'Giant Of Nightmares', 392, 1957),
(283, '414685807700', 'Friends Of The Gods', 869, 1993),
(284, '3469034337945', 'Kings Of The End', 425, 1955),
(285, '4861596331961', 'Heirs And Soldiers', 980, 1942),
(286, '6526739168440', 'Traitors And Swindlers', 817, 1956),
(287, '643489749387', 'Misfortune With Determination', 561, 1907),
(288, '9889607405086', 'Crossbow Without Time', 670, 2000),
(289, '7075961233569', 'Praised By The East', 355, 1961),
(290, '8861808773156', 'Searching In My Enemies', 826, 1944),
(291, '8032294458366', 'Robot Without Duty', 685, 2003),
(292, '5925534158725', 'Bandit Of The Forest', 875, 1920),
(293, '9589091908547', 'Lords Of Hell', 756, 1926),
(294, '7736650376515', 'Snakes Of The Curse', 599, 1903),
(295, '2845723710180', 'Turtles And Phantoms', 496, 1968),
(296, '2231771729014', 'Guardians And Defenders', 485, 1933),
(297, '6133988675260', 'Construction Of Silver', 590, 1969),
(298, '6811147123067', 'Future With Vigor', 860, 1918),
(299, '9268305341139', 'Eating At Nightmares', 813, 1956),
(300, '3626098169075', 'Becoming The Shadows', 715, 2011),
(301, '2761404074449', 'Savior Of Glory', 35, 1962),
(302, '8756981535313', 'Goddess Without Desire', 403, 2006),
(303, '51354469835', 'Hunters With Determination', 323, 2007),
(304, '2563541557977', 'Butchers Of Eternity', 483, 1927),
(305, '8090307981910', 'Spiders And Cats', 516, 1972),
(306, '4878523106215', 'Rebels And Doctors', 794, 2006),
(307, '9565553101305', 'Vision Of The End', 135, 1968),
(308, '8610403037343', 'Obliteration With Sins', 732, 1971),
(309, '2795172991816', 'Memory Of The Abyss', 358, 1932),
(310, '16457660983', 'Enter The Ocean', 537, 1910),
(311, '3416300673661', 'Creator Without Fear', 260, 1997),
(312, '8826858247812', 'Owl Of Perfection', 150, 1917),
(313, '7645660276726', 'Companions Without Glory', 139, 2007),
(314, '7116095649691', 'Girls With Immortality', 620, 1979),
(315, '9486851134387', 'Swindlers And Enemies', 711, 1907),
(316, '8720300919986', 'Hunters And Aliens', 273, 1928),
(317, '8603252741621', 'Means Of Water', 171, 1946),
(318, '5571162223994', 'Throne With Pride', 95, 1911),
(319, '558405372333', 'Right About My Future', 602, 1909),
(320, '3516932057412', 'Possessed By The Fires', 986, 1928),
(321, '9251448437115', 'Rats And Lions', 398, 1950),
(322, '8857312747729', 'Heirs And Gangsters', 797, 1933);

-- --------------------------------------------------------

--
-- Table structure for table `category`
--

DROP TABLE IF EXISTS `category`;
CREATE TABLE IF NOT EXISTS `category` (
  `id_category` int(11) NOT NULL AUTO_INCREMENT,
  `name` varchar(255) NOT NULL,
  PRIMARY KEY (`id_category`)
) ENGINE=InnoDB AUTO_INCREMENT=185 DEFAULT CHARSET=utf8;

--
-- Dumping data for table `category`
--

INSERT INTO `category` (`id_category`, `name`) VALUES
(1, 'Adventure novel'),
(2, 'Epic'),
(3, 'Imaginary voyage'),
(4, 'Lost World'),
(5, 'Subterranean fiction'),
(6, 'Men\'s adventure'),
(7, 'Milesian tale'),
(8, 'Picaresque novel (picaresco)'),
(9, 'Robinsonade'),
(10, 'Apocalyptic robinsonade'),
(11, 'Science fiction robinsonade'),
(12, 'Sea story'),
(13, 'Brit lit'),
(14, 'Children\'s literature'),
(15, 'Young-adult fiction'),
(16, 'Class S'),
(17, 'Light novel'),
(18, 'Comic novel'),
(19, 'Black comedy'),
(20, 'Parody'),
(21, 'Romantic comedy'),
(22, 'Satire'),
(23, 'Picaresque novel'),
(24, 'Political satire'),
(25, 'Education fiction'),
(26, 'Campus novel'),
(27, 'Campus murder mystery'),
(28, 'School story'),
(29, 'Varsity novel'),
(30, 'Experimental fiction'),
(31, 'Antinovel'),
(32, 'Ergodic literature'),
(33, 'Erotic fiction'),
(34, 'Erotic romance'),
(35, 'Picaresque novel (picaresco)'),
(36, 'Women\'s erotica'),
(37, 'Graphic novel'),
(38, 'Historical fiction'),
(39, 'Historical romance'),
(40, 'Metahistorical romance'),
(41, 'Historical whodunnit'),
(42, 'Holocaust novel'),
(43, 'Plantation tradition'),
(44, 'Prehistoric fiction'),
(45, 'Regency novel'),
(46, 'Regency romance'),
(47, 'Kontrafiction'),
(48, 'Literary fiction'),
(49, 'Literary nonsense'),
(50, 'Mathematical fiction'),
(51, 'Metafiction'),
(52, 'Nonfiction novel'),
(53, 'Bildungsroman'),
(54, 'Biographical novel'),
(55, 'Autobiographical novel'),
(56, 'Semi-autobiographical novel'),
(57, 'I novel'),
(58, 'Slave narrative'),
(59, 'Contemporary slave narrative'),
(60, 'Neo-slave narrative'),
(61, 'Occupational fiction'),
(62, 'Hollywood novel'),
(63, 'Lab lit'),
(64, 'Legal thriller'),
(65, 'Medical fiction'),
(66, 'Medical romance'),
(67, 'Musical fiction'),
(68, 'Sports fiction'),
(69, 'Philosophical fiction'),
(70, 'Existentialist fiction'),
(71, 'Novel of ideas'),
(72, 'Philosophical horror'),
(73, 'Platonic Dialogues'),
(74, 'Political fiction'),
(75, 'Political satire'),
(76, 'Pulp fiction'),
(77, 'Quantum fiction'),
(78, 'Religious fiction'),
(79, 'Christian fiction'),
(80, 'Christian science fiction'),
(81, 'Contemporary Christian fiction'),
(82, 'Islamic fiction'),
(83, 'Jewish Fiction[3]'),
(84, 'Saga'),
(85, 'Family saga'),
(86, 'Speculative fiction'),
(87, 'Fantasy'),
(88, 'Epic / High fantasy'),
(89, 'Hard fantasy'),
(90, 'Historical fantasy'),
(91, 'Prehistoric fantasy'),
(92, 'Medieval fantasy'),
(93, 'Wuxia'),
(94, 'Low fantasy'),
(95, 'Urban fantasy'),
(96, 'Paranormal romance'),
(97, 'Comic fantasy'),
(98, 'Contemporary fantasy'),
(99, 'Dark fantasy'),
(100, 'Fantasy of manners'),
(101, 'Heroic fantasy'),
(102, 'Magic realism'),
(103, 'Mythic'),
(104, 'Paranormal fantasy'),
(105, 'Shenmo fantasy'),
(106, 'Superhero fantasy'),
(107, 'Sword and sorcery'),
(108, 'Horror'),
(109, 'Body horror'),
(110, 'Splatterpunk'),
(111, 'Erotic'),
(112, 'Gothic fiction'),
(113, 'Southern Gothic'),
(114, 'Psychological'),
(115, 'Supernatural / Paranormal'),
(116, 'Cosmic (Lovecraftian)'),
(117, 'Ghost story'),
(118, 'Monster literature'),
(119, 'Jiangshi fiction'),
(120, 'Vampire fiction'),
(121, 'Werewolf fiction'),
(122, 'Occult detective'),
(123, 'Science fiction'),
(124, 'Alien invasion'),
(125, 'Post-apocalyptic'),
(126, 'Cyberpunk derivatives aka Punk'),
(127, 'Cyberpunk'),
(128, 'Biopunk'),
(129, 'Nanopunk'),
(130, 'Postcyberpunk'),
(131, 'Steampunk'),
(132, 'Atompunk'),
(133, 'Clockpunk'),
(134, 'Dieselpunk'),
(135, 'Dystopian'),
(136, 'Hard science fiction'),
(137, 'Military science fiction'),
(138, 'Parallel universe aka Alternative universe'),
(139, 'Alternative history'),
(140, 'Scientific romance'),
(141, 'Soft science fiction'),
(142, 'Space opera'),
(143, 'Bizarro fiction'),
(144, 'Dying Earth'),
(145, 'Science fantasy'),
(146, 'Planetary romance'),
(147, 'Sword and planet'),
(148, 'Slipstream'),
(149, 'Weird fiction'),
(150, 'New Weird'),
(151, 'Suspense fiction'),
(152, 'Crime fiction'),
(153, 'Detective fiction'),
(154, 'Gong\'an fiction'),
(155, 'Mystery fiction'),
(156, 'Thriller'),
(157, 'Mystery fiction'),
(158, 'Legal thriller'),
(159, 'Medical thriller'),
(160, 'Political thriller'),
(161, 'Spy fiction'),
(162, 'Psychological thriller'),
(163, 'Techno-thriller'),
(164, 'Tragedy'),
(165, 'Melodrama'),
(166, 'Urban fiction'),
(167, 'Westerns'),
(168, 'Women\'s fiction'),
(169, 'Class S'),
(170, 'Femslash'),
(171, 'Matron literature'),
(172, 'Romance novel'),
(173, 'Yaoi'),
(174, 'Yuri'),
(175, 'Workplace tell-all'),
(176, 'Historical romance'),
(177, 'Juvenile fantasy'),
(178, 'LGBT pulp fiction'),
(179, 'Gay male pulp fiction'),
(180, 'Lesbian pulp fiction'),
(181, 'Lesbian erotica fiction'),
(182, 'Paranormal romance'),
(183, 'Romantic fantasy'),
(184, 'Tragicomedy');

-- --------------------------------------------------------

--
-- Table structure for table `category_has_book`
--

DROP TABLE IF EXISTS `category_has_book`;
CREATE TABLE IF NOT EXISTS `category_has_book` (
  `id_category` int(11) NOT NULL,
  `id_book` int(11) NOT NULL,
  PRIMARY KEY (`id_category`,`id_book`),
  KEY `fk_category_has_book_book1_idx` (`id_book`),
  KEY `fk_category_has_book_category1_idx` (`id_category`)
) ENGINE=InnoDB DEFAULT CHARSET=utf8;

--
-- Dumping data for table `category_has_book`
--

INSERT INTO `category_has_book` (`id_category`, `id_book`) VALUES
(59, 1),
(151, 1),
(47, 2),
(61, 2),
(182, 2),
(97, 3),
(165, 4),
(169, 4),
(9, 5),
(146, 6),
(37, 7),
(109, 7),
(152, 7),
(156, 7),
(25, 8),
(100, 8),
(82, 9),
(106, 9),
(108, 9),
(160, 9),
(141, 10),
(34, 11),
(98, 11),
(147, 12),
(24, 13),
(90, 13),
(26, 14),
(140, 15),
(143, 15),
(167, 16),
(143, 17),
(97, 18),
(23, 19),
(70, 19),
(64, 20),
(100, 20),
(52, 21),
(39, 22),
(112, 23),
(115, 23),
(170, 24),
(5, 25),
(16, 26),
(113, 26),
(90, 27),
(137, 27),
(22, 28),
(84, 28),
(120, 28),
(180, 28),
(92, 29),
(94, 29),
(77, 30),
(105, 30),
(57, 31),
(61, 32),
(8, 33),
(27, 33),
(182, 33),
(29, 34),
(114, 34),
(164, 34),
(184, 34),
(94, 35),
(177, 35),
(141, 36),
(169, 37),
(79, 38),
(119, 39),
(180, 39),
(67, 40),
(106, 40),
(1, 41),
(17, 42),
(129, 42),
(26, 43),
(142, 43),
(132, 44),
(32, 45),
(145, 45),
(106, 46),
(168, 46),
(178, 47),
(3, 48),
(18, 48),
(137, 48),
(71, 49),
(158, 49),
(162, 50),
(78, 51),
(163, 51),
(28, 52),
(39, 52),
(40, 52),
(40, 53),
(89, 53),
(65, 54),
(103, 54),
(63, 55),
(157, 55),
(146, 56),
(155, 56),
(7, 57),
(117, 58),
(36, 59),
(134, 60),
(178, 61),
(91, 62),
(103, 62),
(30, 63),
(38, 63),
(40, 64),
(73, 64),
(141, 65),
(45, 66),
(25, 67),
(113, 67),
(157, 67),
(20, 68),
(10, 69),
(23, 69),
(77, 70),
(156, 70),
(46, 71),
(146, 72),
(34, 73),
(72, 73),
(139, 74),
(154, 74),
(128, 75),
(114, 76),
(158, 76),
(146, 77),
(149, 77),
(15, 78),
(124, 78),
(132, 78),
(33, 79),
(147, 79),
(71, 80),
(178, 81),
(113, 82),
(124, 82),
(11, 84),
(28, 84),
(48, 85),
(99, 85),
(48, 86),
(111, 86),
(120, 86),
(184, 86),
(107, 87),
(168, 88),
(98, 89),
(104, 89),
(176, 89),
(145, 90),
(111, 91),
(56, 92),
(108, 92),
(138, 92),
(41, 93),
(67, 94),
(129, 94),
(142, 95),
(180, 96),
(146, 97),
(22, 98),
(123, 98),
(146, 98),
(59, 99),
(9, 100),
(90, 100),
(7, 101),
(68, 101),
(86, 102),
(92, 102),
(125, 102),
(25, 103),
(23, 104),
(137, 104),
(149, 105),
(169, 105),
(26, 106),
(126, 106),
(70, 107),
(134, 107),
(94, 108),
(132, 108),
(182, 108),
(3, 109),
(121, 109),
(143, 109),
(53, 110),
(117, 111),
(49, 112),
(152, 112),
(4, 113),
(172, 114),
(53, 115),
(146, 115),
(124, 116),
(94, 117),
(96, 117),
(115, 117),
(123, 117),
(57, 118),
(166, 119),
(35, 120),
(139, 120),
(23, 121),
(173, 121),
(137, 122),
(182, 122),
(141, 123),
(42, 124),
(8, 125),
(70, 126),
(27, 127),
(35, 127),
(81, 128),
(93, 128),
(94, 129),
(150, 129),
(105, 130),
(123, 130),
(104, 131),
(119, 131),
(151, 131),
(13, 132),
(1, 133),
(136, 134),
(146, 134),
(103, 135),
(110, 136),
(184, 136),
(109, 137),
(147, 138),
(75, 139),
(175, 139),
(154, 140),
(102, 141),
(135, 142),
(104, 143),
(5, 144),
(31, 144),
(158, 144),
(181, 145),
(161, 146),
(2, 147),
(92, 147),
(126, 148),
(158, 149),
(132, 150),
(146, 151),
(167, 151),
(61, 152),
(19, 153),
(81, 153),
(3, 154),
(47, 154),
(87, 155),
(116, 156),
(124, 156),
(119, 157),
(172, 157),
(55, 158),
(156, 159),
(18, 160),
(29, 160),
(60, 160),
(110, 160),
(101, 161),
(134, 161),
(25, 162),
(118, 162),
(138, 162),
(127, 163),
(184, 163),
(3, 164),
(82, 164),
(84, 164),
(106, 164),
(9, 165),
(96, 165),
(2, 166),
(40, 166),
(170, 166),
(125, 167),
(41, 168),
(92, 168),
(40, 169),
(127, 169),
(52, 170),
(96, 170),
(152, 171),
(119, 172),
(145, 172),
(179, 173),
(101, 174),
(71, 175),
(158, 175),
(43, 176),
(137, 176),
(51, 177),
(167, 177),
(179, 177),
(45, 178),
(29, 179),
(30, 179),
(90, 180),
(155, 180),
(182, 180),
(76, 181),
(49, 182),
(128, 182),
(10, 183),
(13, 183),
(43, 183),
(48, 183),
(54, 183),
(115, 184),
(135, 185),
(58, 186),
(88, 187),
(92, 187),
(133, 188),
(179, 188),
(110, 189),
(91, 190),
(67, 191),
(158, 191),
(175, 191),
(133, 192),
(171, 192),
(69, 193),
(84, 193),
(156, 193),
(157, 193),
(126, 194),
(133, 195),
(180, 196),
(124, 197),
(174, 197),
(135, 198),
(163, 198),
(74, 199),
(96, 199),
(131, 199),
(102, 200),
(118, 200),
(45, 201),
(166, 201),
(70, 202),
(77, 203),
(42, 204),
(11, 205),
(90, 206),
(73, 207),
(58, 208),
(65, 209),
(183, 209),
(172, 210),
(34, 211),
(11, 212),
(141, 212),
(162, 212),
(38, 213),
(61, 214),
(160, 214),
(6, 215),
(11, 216),
(25, 216),
(79, 217),
(94, 218),
(103, 218),
(15, 219),
(90, 220),
(109, 221),
(164, 221),
(7, 222),
(41, 223),
(2, 224),
(81, 224),
(98, 225),
(109, 225),
(22, 226),
(44, 226),
(155, 227),
(19, 228),
(50, 229),
(92, 229),
(164, 229),
(106, 230),
(55, 231),
(130, 231),
(149, 231),
(40, 232),
(70, 233),
(5, 234),
(91, 234),
(104, 234),
(117, 234),
(148, 234),
(2, 235),
(54, 235),
(153, 235),
(172, 236),
(11, 237),
(28, 238),
(119, 238),
(44, 239),
(80, 240),
(117, 241),
(38, 242),
(58, 242),
(126, 243),
(143, 243),
(172, 243),
(93, 244),
(139, 244),
(23, 245),
(33, 245),
(148, 246),
(154, 246),
(153, 247),
(37, 248),
(19, 249),
(130, 250),
(15, 251),
(17, 251),
(46, 252),
(142, 252),
(44, 253),
(83, 254),
(61, 255),
(179, 255),
(72, 256),
(110, 256),
(167, 256),
(99, 257),
(19, 258),
(97, 258),
(183, 259),
(1, 260),
(62, 260),
(94, 261),
(98, 261),
(170, 262),
(158, 263),
(148, 264),
(109, 265),
(32, 266),
(40, 266),
(106, 267),
(46, 268),
(115, 269),
(151, 269),
(171, 269),
(25, 270),
(153, 271),
(62, 272),
(65, 272),
(72, 273),
(125, 273),
(35, 274),
(69, 274),
(91, 274),
(100, 274),
(33, 275),
(24, 276),
(29, 276),
(108, 277),
(133, 278),
(76, 279),
(88, 279),
(105, 279),
(42, 280),
(83, 280),
(166, 280),
(15, 281),
(3, 282),
(54, 283),
(109, 283),
(130, 284),
(17, 285),
(103, 285),
(5, 286),
(25, 286),
(54, 287),
(175, 287),
(57, 288),
(22, 289),
(23, 289),
(6, 290),
(143, 290),
(156, 290),
(38, 291),
(135, 292),
(182, 292),
(93, 293),
(75, 294),
(162, 294),
(81, 295),
(90, 295),
(129, 295),
(21, 296),
(80, 296),
(174, 296),
(34, 297),
(109, 297),
(127, 297),
(24, 298),
(92, 298),
(21, 299),
(77, 300),
(77, 301),
(111, 301),
(36, 302),
(56, 302),
(59, 303),
(27, 304),
(139, 304),
(171, 304),
(66, 305),
(69, 305),
(81, 305),
(51, 306),
(97, 306),
(166, 307),
(184, 307),
(108, 308),
(150, 308),
(109, 309),
(2, 310),
(139, 311),
(152, 312),
(133, 313),
(82, 314),
(71, 315),
(74, 315),
(147, 315),
(5, 316),
(58, 317),
(71, 317),
(1, 318),
(17, 318),
(91, 319),
(43, 320),
(118, 321),
(8, 322),
(74, 322),
(124, 322);

-- --------------------------------------------------------

--
-- Table structure for table `copy`
--

DROP TABLE IF EXISTS `copy`;
CREATE TABLE IF NOT EXISTS `copy` (
  `id_copy` int(11) NOT NULL AUTO_INCREMENT,
  `id_book` int(11) NOT NULL,
  `number` varchar(20) NOT NULL,
  `admission_date` date NOT NULL,
  PRIMARY KEY (`id_copy`),
  UNIQUE KEY `number_UNIQUE` (`number`),
  KEY `fk_copy_book1_idx` (`id_book`)
) ENGINE=InnoDB AUTO_INCREMENT=1122 DEFAULT CHARSET=utf8;

--
-- Dumping data for table `copy`
--

INSERT INTO `copy` (`id_copy`, `id_book`, `number`, `admission_date`) VALUES
(1, 297, '438309', '1998-02-01'),
(2, 218, '438310', '1993-12-09'),
(3, 73, '438311', '2011-05-15'),
(4, 215, '438312', '1994-01-25'),
(5, 112, '438313', '2001-04-27'),
(6, 105, '438314', '2009-01-13'),
(7, 99, '438315', '2010-12-31'),
(8, 149, '438316', '2010-02-08'),
(9, 123, '438317', '1997-03-19'),
(10, 290, '438318', '2010-06-28'),
(11, 297, '438319', '2007-04-07'),
(12, 65, '438320', '1997-02-14'),
(13, 206, '438321', '2006-04-29'),
(14, 208, '438322', '2002-03-31'),
(15, 303, '438323', '1999-09-08'),
(16, 242, '438324', '1996-11-30'),
(17, 306, '438325', '1993-10-22'),
(18, 246, '438326', '1993-05-06'),
(19, 2, '438327', '2010-08-14'),
(20, 272, '438328', '2002-07-07'),
(21, 239, '438329', '2006-03-22'),
(22, 194, '438330', '2008-04-12'),
(23, 299, '438331', '1995-03-02'),
(24, 114, '438332', '1995-08-07'),
(25, 112, '438333', '1994-04-29'),
(26, 102, '438334', '2001-04-21'),
(27, 105, '438335', '1995-08-05'),
(28, 107, '438336', '2006-03-06'),
(29, 183, '438337', '2008-05-15'),
(30, 82, '438338', '2001-08-06'),
(31, 264, '438339', '1997-03-04'),
(32, 201, '438340', '2004-04-27'),
(33, 251, '438341', '2011-06-23'),
(34, 251, '438342', '2009-09-02'),
(35, 136, '438343', '1993-05-16'),
(36, 28, '438344', '2006-07-17'),
(37, 28, '438345', '1996-04-22'),
(38, 203, '438346', '2007-05-02'),
(39, 223, '438347', '1996-01-19'),
(40, 64, '438348', '1998-06-07'),
(41, 201, '438349', '1990-04-05'),
(42, 255, '438350', '1993-09-13'),
(43, 117, '438351', '1993-10-27'),
(44, 181, '438352', '1995-05-17'),
(45, 23, '438353', '1995-08-23'),
(46, 184, '438354', '1994-03-24'),
(47, 14, '438355', '1999-07-19'),
(48, 293, '438356', '1996-11-28'),
(49, 47, '438357', '2009-08-02'),
(50, 110, '438358', '2004-07-14'),
(51, 81, '438359', '2000-07-09'),
(52, 261, '438360', '2001-01-25'),
(53, 224, '438361', '2000-02-10'),
(54, 172, '438362', '2006-11-18'),
(55, 206, '438363', '2008-01-10'),
(56, 103, '438364', '1994-02-28'),
(57, 221, '438365', '2009-06-07'),
(58, 191, '438366', '1992-06-22'),
(59, 140, '438367', '1998-05-07'),
(60, 116, '438368', '1997-06-07'),
(61, 95, '438369', '2005-02-14'),
(62, 48, '438370', '1996-09-12'),
(63, 193, '438371', '1999-01-16'),
(64, 202, '438372', '2008-10-01'),
(65, 101, '438373', '1998-05-12'),
(66, 311, '438374', '1990-01-18'),
(67, 161, '438375', '2007-09-03'),
(68, 89, '438376', '2008-01-21'),
(69, 261, '438377', '1999-06-21'),
(70, 36, '438378', '2007-09-24'),
(71, 34, '438379', '2007-04-15'),
(72, 277, '438380', '2005-03-21'),
(73, 192, '438381', '1990-08-05'),
(74, 256, '438382', '2005-05-05'),
(75, 181, '438383', '2002-04-28'),
(76, 76, '438384', '1992-03-27'),
(77, 39, '438385', '2009-07-30'),
(78, 10, '438386', '2010-10-19'),
(79, 5, '438387', '2002-06-16'),
(80, 119, '438388', '1999-05-20'),
(81, 201, '438389', '1998-04-29'),
(82, 295, '438390', '2011-01-23'),
(83, 250, '438391', '2010-02-08'),
(85, 119, '438393', '2005-07-13'),
(86, 204, '438394', '1994-02-26'),
(87, 165, '438395', '2006-04-18'),
(88, 148, '438396', '1999-02-19'),
(89, 161, '438397', '1992-08-04'),
(90, 284, '438398', '1990-06-13'),
(91, 151, '438399', '2001-01-13'),
(92, 116, '438400', '2008-12-17'),
(93, 133, '438401', '2004-10-17'),
(94, 56, '438402', '1991-06-19'),
(95, 170, '438403', '1996-03-11'),
(96, 112, '438404', '1992-05-12'),
(97, 99, '438405', '2004-04-03'),
(98, 247, '438406', '1993-01-04'),
(99, 276, '438407', '2010-01-25'),
(100, 27, '438408', '2011-12-21'),
(101, 105, '438409', '2011-04-24'),
(102, 306, '438410', '2005-12-19'),
(103, 50, '438411', '1990-10-27'),
(104, 37, '438412', '2011-11-19'),
(105, 141, '438413', '1992-06-11'),
(106, 320, '438414', '1990-10-30'),
(107, 203, '438415', '1990-07-13'),
(108, 50, '438416', '2000-09-08'),
(109, 195, '438417', '1994-08-18'),
(110, 63, '438418', '2008-02-28'),
(111, 80, '438419', '2000-08-03'),
(112, 266, '438420', '2008-06-21'),
(113, 265, '438421', '1990-03-04'),
(114, 43, '438422', '2009-09-24'),
(115, 284, '438423', '1993-03-16'),
(116, 291, '438424', '2009-04-20'),
(117, 148, '438425', '2004-08-26'),
(118, 126, '438426', '1993-03-23'),
(119, 84, '438427', '1990-01-23'),
(120, 317, '438428', '1994-02-22'),
(121, 303, '438429', '2001-12-22'),
(122, 26, '438430', '2009-03-05'),
(123, 88, '438431', '2006-06-17'),
(124, 219, '438432', '2011-03-26'),
(125, 65, '438433', '2007-03-05'),
(126, 205, '438434', '2010-05-20'),
(127, 28, '438435', '1997-03-17'),
(128, 319, '438436', '2003-07-14'),
(129, 201, '438437', '2007-12-16'),
(130, 20, '438438', '2001-08-02'),
(131, 311, '438439', '1991-01-11'),
(132, 177, '438440', '2008-11-06'),
(133, 145, '438441', '1991-06-15'),
(134, 299, '438442', '2000-01-26'),
(135, 56, '438443', '2010-03-19'),
(136, 34, '438444', '1994-04-02'),
(137, 277, '438445', '1993-02-12'),
(138, 153, '438446', '2002-04-08'),
(139, 279, '438447', '1990-08-17'),
(140, 162, '438448', '2004-03-12'),
(141, 128, '438449', '2007-01-07'),
(142, 107, '438450', '1993-09-22'),
(143, 216, '438451', '1994-08-23'),
(144, 89, '438452', '1996-12-16'),
(145, 251, '438453', '2003-10-07'),
(146, 9, '438454', '1996-08-20'),
(147, 70, '438455', '1997-10-21'),
(148, 210, '438456', '2010-04-25'),
(149, 299, '438457', '2010-01-08'),
(150, 26, '438458', '2010-09-04'),
(151, 125, '438459', '2007-02-03'),
(152, 93, '438460', '2005-07-27'),
(153, 35, '438461', '1992-07-01'),
(154, 224, '438462', '2005-05-09'),
(155, 72, '438463', '1994-04-26'),
(156, 103, '438464', '2005-07-31'),
(157, 73, '438465', '1997-04-26'),
(158, 146, '438466', '2010-05-11'),
(159, 188, '438467', '1995-07-19'),
(160, 294, '438468', '1990-06-24'),
(161, 284, '438469', '1992-07-23'),
(162, 34, '438470', '1991-10-28'),
(163, 226, '438471', '2008-08-28'),
(164, 211, '438472', '1992-11-10'),
(165, 174, '438473', '1996-09-13'),
(166, 296, '438474', '1993-02-28'),
(167, 150, '438475', '2005-01-09'),
(168, 148, '438476', '2002-03-09'),
(169, 171, '438477', '1997-01-31'),
(170, 42, '438478', '1995-03-05'),
(171, 126, '438479', '1994-12-13'),
(172, 8, '438480', '1997-03-15'),
(173, 80, '438481', '2008-03-12'),
(174, 260, '438482', '2009-01-11'),
(175, 162, '438483', '1997-11-10'),
(176, 189, '438484', '2000-04-11'),
(177, 239, '438485', '1998-07-05'),
(178, 270, '438486', '2007-05-20'),
(179, 114, '438487', '2003-08-27'),
(180, 141, '438488', '1994-12-05'),
(181, 126, '438489', '1993-04-13'),
(182, 252, '438490', '2008-05-21'),
(183, 248, '438491', '1993-12-01'),
(184, 167, '438492', '2002-07-22'),
(185, 182, '438493', '1999-11-15'),
(186, 77, '438494', '1990-01-28'),
(187, 238, '438495', '2003-01-27'),
(188, 249, '438496', '2012-03-09'),
(189, 40, '438497', '2000-03-14'),
(190, 232, '438498', '1996-06-30'),
(191, 119, '438499', '2009-02-21'),
(192, 46, '438500', '2002-08-21'),
(193, 91, '438501', '2012-06-06'),
(194, 78, '438502', '1999-01-12'),
(195, 39, '438503', '1993-07-12'),
(196, 304, '438504', '1990-09-28'),
(197, 31, '438505', '1993-09-20'),
(198, 47, '438506', '1992-01-04'),
(199, 232, '438507', '2011-01-14'),
(200, 108, '438508', '1993-03-19'),
(201, 34, '438509', '1994-02-08'),
(202, 113, '438510', '1999-04-12'),
(203, 285, '438511', '2010-01-10'),
(204, 269, '438512', '2006-08-27'),
(205, 299, '438513', '1998-08-11'),
(206, 117, '438514', '1992-12-06'),
(207, 80, '438515', '2011-05-28'),
(208, 131, '438516', '1993-07-27'),
(209, 28, '438517', '1991-06-10'),
(210, 179, '438518', '1991-03-26'),
(211, 107, '438519', '2007-10-25'),
(212, 19, '438520', '2000-04-20'),
(213, 217, '438521', '1999-03-26'),
(214, 230, '438522', '1999-05-03'),
(215, 267, '438523', '1997-07-28'),
(216, 121, '438524', '2004-02-06'),
(217, 142, '438525', '1995-09-19'),
(218, 316, '438526', '1999-03-24'),
(219, 240, '438527', '2002-01-08'),
(220, 218, '438528', '1990-04-10'),
(221, 102, '438529', '2001-06-17'),
(222, 6, '438530', '2004-08-31'),
(223, 221, '438531', '2011-10-25'),
(224, 27, '438532', '2002-02-27'),
(225, 215, '438533', '2003-02-07'),
(226, 208, '438534', '2009-01-14'),
(227, 135, '438535', '1992-03-29'),
(228, 78, '438536', '1993-09-06'),
(229, 43, '438537', '1995-03-20'),
(230, 137, '438538', '1992-08-01'),
(232, 110, '438540', '1997-11-18'),
(233, 188, '438541', '2009-05-10'),
(234, 110, '438542', '2004-11-04'),
(235, 123, '438543', '1994-03-25'),
(236, 276, '438544', '2012-04-25'),
(237, 297, '438545', '2009-03-04'),
(238, 130, '438546', '2004-05-17'),
(239, 234, '438547', '1992-04-18'),
(240, 59, '438548', '2009-09-19'),
(241, 211, '438549', '2010-02-01'),
(242, 60, '438550', '2005-03-02'),
(243, 47, '438551', '1991-07-18'),
(244, 196, '438552', '2003-03-29'),
(245, 316, '438553', '2010-06-29'),
(246, 145, '438554', '2009-06-08'),
(247, 181, '438555', '1996-06-15'),
(249, 204, '438557', '1995-11-26'),
(250, 47, '438558', '1995-08-29'),
(251, 117, '438559', '1998-03-21'),
(252, 140, '438560', '1996-12-06'),
(253, 173, '438561', '2008-03-30'),
(254, 101, '438562', '1991-05-10'),
(255, 224, '438563', '2007-04-26'),
(256, 264, '438564', '2010-02-28'),
(257, 12, '438565', '1992-10-14'),
(258, 206, '438566', '2007-12-18'),
(259, 276, '438567', '2011-02-21'),
(260, 236, '438568', '1998-07-29'),
(261, 107, '438569', '2003-11-30'),
(262, 260, '438570', '2011-08-22'),
(263, 115, '438571', '1995-12-24'),
(264, 317, '438572', '2009-11-12'),
(265, 87, '438573', '1998-07-22'),
(266, 267, '438574', '2007-05-30'),
(267, 279, '438575', '1995-06-01'),
(268, 21, '438576', '2011-02-08'),
(269, 111, '438577', '2006-11-07'),
(270, 120, '438578', '2001-08-10'),
(271, 245, '438579', '2002-09-14'),
(272, 222, '438580', '2010-11-28'),
(273, 156, '438581', '1999-09-27'),
(274, 116, '438582', '1999-12-18'),
(275, 243, '438583', '2012-02-02'),
(276, 120, '438584', '2003-07-11'),
(277, 46, '438585', '1993-07-27'),
(278, 227, '438586', '2009-11-21'),
(279, 230, '438587', '1994-08-29'),
(280, 56, '438588', '1996-01-04'),
(281, 191, '438589', '1992-08-10'),
(282, 89, '438590', '2003-11-28'),
(283, 69, '438591', '1999-12-10'),
(284, 5, '438592', '1993-11-17'),
(285, 53, '438593', '1991-03-30'),
(286, 89, '438594', '2003-08-01'),
(287, 186, '438595', '2006-02-19'),
(288, 199, '438596', '1991-05-26'),
(289, 232, '438597', '2010-08-13'),
(290, 157, '438598', '1993-08-04'),
(291, 202, '438599', '2007-04-11'),
(292, 261, '438600', '1999-04-28'),
(293, 170, '438601', '1992-08-23'),
(294, 213, '438602', '1992-11-19'),
(295, 297, '438603', '1997-01-23'),
(296, 95, '438604', '2004-10-08'),
(297, 97, '438605', '1999-08-26'),
(298, 295, '438606', '2002-05-26'),
(299, 67, '438607', '1998-07-31'),
(300, 254, '438608', '2008-09-21'),
(301, 123, '438609', '1997-05-10'),
(302, 5, '438610', '2008-05-18'),
(303, 19, '438611', '1990-11-16'),
(304, 244, '438612', '1992-07-16'),
(305, 301, '438613', '1992-02-01'),
(306, 281, '438614', '1996-05-31'),
(307, 308, '438615', '1997-12-03'),
(308, 19, '438616', '2003-05-27'),
(309, 175, '438617', '2000-08-23'),
(310, 260, '438618', '1991-03-22'),
(311, 81, '438619', '1994-09-13'),
(312, 311, '438620', '2007-07-21'),
(313, 220, '438621', '2011-09-25'),
(314, 9, '438622', '1992-08-12'),
(315, 151, '438623', '2011-07-17'),
(316, 123, '438624', '1999-10-30'),
(317, 104, '438625', '2007-09-21'),
(318, 287, '438626', '1993-08-25'),
(319, 243, '438627', '2009-06-23'),
(320, 285, '438628', '1999-06-07'),
(321, 294, '438629', '2010-04-22'),
(322, 55, '438630', '2007-07-17'),
(323, 187, '438631', '1998-05-20'),
(324, 283, '438632', '1996-12-17'),
(325, 170, '438633', '2007-01-17'),
(326, 305, '438634', '1990-02-15'),
(327, 290, '438635', '1990-10-02'),
(328, 149, '438636', '2007-09-07'),
(329, 151, '438637', '1999-02-24'),
(330, 20, '438638', '1993-11-09'),
(331, 246, '438639', '2004-10-04'),
(332, 250, '438640', '2004-03-29'),
(333, 201, '438641', '1995-10-09'),
(334, 23, '438642', '2011-02-13'),
(335, 129, '438643', '2001-03-15'),
(336, 109, '438644', '2000-11-08'),
(337, 43, '438645', '2004-01-11'),
(338, 298, '438646', '2005-03-23'),
(339, 185, '438647', '2005-02-08'),
(340, 318, '438648', '2000-12-07'),
(341, 288, '438649', '1999-11-03'),
(342, 206, '438650', '1994-03-24'),
(343, 225, '438651', '2000-11-01'),
(344, 33, '438652', '2004-03-27'),
(345, 77, '438653', '1995-09-22'),
(346, 232, '438654', '2010-05-27'),
(347, 145, '438655', '2010-08-10'),
(348, 23, '438656', '2003-09-19'),
(349, 265, '438657', '1996-10-15'),
(350, 160, '438658', '2010-11-02'),
(351, 155, '438659', '2012-02-16'),
(352, 170, '438660', '2010-04-27'),
(353, 232, '438661', '1992-05-25'),
(354, 40, '438662', '2002-09-03'),
(355, 220, '438663', '1995-06-18'),
(356, 250, '438664', '1998-11-30'),
(357, 57, '438665', '2004-07-13'),
(358, 131, '438666', '1993-04-22'),
(359, 235, '438667', '2008-08-15'),
(360, 88, '438668', '2004-08-03'),
(361, 291, '438669', '1990-07-15'),
(362, 46, '438670', '1998-10-05'),
(363, 120, '438671', '2011-02-21'),
(364, 129, '438672', '2001-10-11'),
(365, 245, '438673', '2010-02-28'),
(366, 41, '438674', '1993-07-04'),
(367, 84, '438675', '2006-07-20'),
(368, 152, '438676', '1997-03-19'),
(369, 156, '438677', '2003-04-18'),
(370, 148, '438678', '1998-06-03'),
(371, 121, '438679', '2006-12-12'),
(372, 222, '438680', '1996-10-16'),
(373, 205, '438681', '1990-03-13'),
(375, 41, '438683', '1994-04-12'),
(376, 46, '438684', '2005-08-29'),
(377, 171, '438685', '1994-05-28'),
(378, 145, '438686', '2006-11-12'),
(379, 293, '438687', '2004-05-19'),
(380, 270, '438688', '2007-11-20'),
(381, 72, '438689', '1993-09-22'),
(382, 134, '438690', '1991-06-15'),
(384, 226, '438692', '1991-11-26'),
(385, 263, '438693', '2000-02-25'),
(386, 164, '438694', '1997-07-26'),
(387, 26, '438695', '1996-07-13'),
(388, 254, '438696', '1999-03-21'),
(389, 26, '438697', '1996-12-12'),
(390, 297, '438698', '1993-10-21'),
(391, 240, '438699', '2002-03-07'),
(392, 251, '438700', '2008-12-14'),
(393, 260, '438701', '2000-07-25'),
(394, 85, '438702', '1993-09-14'),
(395, 255, '438703', '2009-06-06'),
(396, 1, '438704', '2004-07-21'),
(397, 21, '438705', '1997-12-23'),
(398, 39, '438706', '1995-08-12'),
(399, 11, '438707', '2010-06-20'),
(400, 255, '438708', '2000-03-20'),
(401, 244, '438709', '1995-12-30'),
(402, 86, '438710', '2002-05-01'),
(403, 250, '438711', '2007-11-26'),
(404, 128, '438712', '2006-05-23'),
(405, 283, '438713', '2011-10-20'),
(406, 231, '438714', '2008-12-07'),
(407, 38, '438715', '1997-03-26'),
(408, 271, '438716', '1996-04-29'),
(409, 242, '438717', '1990-09-11'),
(410, 213, '438718', '2008-07-30'),
(411, 89, '438719', '2001-09-18'),
(412, 12, '438720', '1998-05-13'),
(413, 131, '438721', '2000-12-18'),
(414, 173, '438722', '1996-08-18'),
(415, 261, '438723', '2006-02-13'),
(416, 196, '438724', '1994-02-19'),
(417, 256, '438725', '2005-09-03'),
(419, 145, '438727', '1995-01-15'),
(420, 226, '438728', '2006-05-23'),
(421, 173, '438729', '2000-05-29'),
(422, 57, '438730', '2010-12-03'),
(423, 151, '438731', '1997-11-08'),
(424, 104, '438732', '1997-10-05'),
(425, 158, '438733', '2004-11-10'),
(426, 280, '438734', '2003-02-01'),
(427, 62, '438735', '2004-01-20'),
(428, 282, '438736', '1998-04-24'),
(429, 154, '438737', '2006-01-04'),
(430, 4, '438738', '1998-06-15'),
(431, 41, '438739', '1994-05-01'),
(432, 121, '438740', '2007-06-04'),
(433, 193, '438741', '2005-04-28'),
(434, 194, '438742', '2001-12-14'),
(435, 28, '438743', '1991-02-09'),
(436, 63, '438744', '2010-09-10'),
(437, 261, '438745', '2009-03-21'),
(438, 88, '438746', '2000-03-23'),
(439, 32, '438747', '1998-06-02'),
(440, 199, '438748', '1991-11-29'),
(441, 193, '438749', '2001-04-08'),
(442, 195, '438750', '1997-07-28'),
(443, 131, '438751', '1998-08-01'),
(444, 163, '438752', '2012-06-24'),
(445, 97, '438753', '2000-04-16'),
(446, 271, '438754', '2007-05-29'),
(447, 111, '438755', '1999-05-30'),
(448, 140, '438756', '1999-12-23'),
(449, 262, '438757', '2007-02-09'),
(450, 59, '438758', '2003-12-30'),
(451, 264, '438759', '2012-02-20'),
(452, 209, '438760', '2006-11-16'),
(453, 171, '438761', '2007-03-15'),
(454, 140, '438762', '1990-12-07'),
(455, 270, '438763', '1991-04-27'),
(456, 55, '438764', '2008-05-23'),
(457, 237, '438765', '1990-05-07'),
(458, 45, '438766', '1993-04-14'),
(459, 198, '438767', '1992-06-18'),
(460, 286, '438768', '2010-06-15'),
(461, 208, '438769', '1994-07-01'),
(462, 191, '438770', '1994-12-15'),
(463, 187, '438771', '2003-09-19'),
(464, 210, '438772', '2003-05-29'),
(465, 48, '438773', '1990-11-01'),
(466, 286, '438774', '2010-09-18'),
(467, 177, '438775', '1994-03-06'),
(468, 132, '438776', '1995-02-23'),
(469, 279, '438777', '2003-02-05'),
(470, 311, '438778', '2001-06-12'),
(471, 97, '438779', '2009-11-23'),
(472, 172, '438780', '1998-02-05'),
(473, 138, '438781', '2000-02-06'),
(474, 5, '438782', '2001-09-15'),
(475, 194, '438783', '2011-05-30'),
(476, 293, '438784', '2001-08-29'),
(477, 124, '438785', '2009-02-24'),
(478, 169, '438786', '1999-01-19'),
(479, 101, '438787', '1998-03-16'),
(480, 142, '438788', '1998-09-24'),
(481, 269, '438789', '2001-06-02'),
(482, 146, '438790', '1994-01-16'),
(483, 9, '438791', '2006-03-13'),
(484, 38, '438792', '2004-04-25'),
(485, 218, '438793', '1992-04-03'),
(486, 199, '438794', '2003-11-29'),
(487, 119, '438795', '2003-11-30'),
(488, 65, '438796', '2009-11-17'),
(489, 150, '438797', '2011-02-25'),
(490, 64, '438798', '2009-09-04'),
(491, 303, '438799', '2002-05-01'),
(492, 48, '438800', '1998-03-07'),
(493, 282, '438801', '1999-01-04'),
(494, 51, '438802', '2009-07-14'),
(495, 111, '438803', '2001-12-26'),
(496, 140, '438804', '2012-03-09'),
(497, 256, '438805', '1992-07-19'),
(498, 13, '438806', '2011-12-21'),
(499, 237, '438807', '1999-07-20'),
(500, 112, '438808', '1999-11-01'),
(501, 255, '438809', '2002-02-01'),
(502, 232, '438810', '1999-04-13'),
(503, 249, '438811', '1998-11-14'),
(504, 183, '438812', '2007-02-01'),
(505, 266, '438813', '1996-06-14'),
(506, 205, '438814', '1994-01-01'),
(508, 301, '438816', '1992-03-18'),
(509, 8, '438817', '1994-09-13'),
(510, 232, '438818', '1992-08-26'),
(511, 17, '438819', '1993-01-03'),
(512, 204, '438820', '2005-11-03'),
(513, 124, '438821', '2004-07-05'),
(514, 319, '438822', '1993-05-09'),
(515, 255, '438823', '2011-07-22'),
(516, 87, '438824', '2001-02-11'),
(517, 139, '438825', '2000-08-10'),
(518, 57, '438826', '2000-12-28'),
(519, 187, '438827', '1995-04-13'),
(520, 288, '438828', '2005-09-13'),
(521, 78, '438829', '1991-02-03'),
(522, 29, '438830', '2006-05-05'),
(523, 58, '438831', '2006-01-11'),
(524, 38, '438832', '1995-02-05'),
(525, 51, '438833', '1997-05-17'),
(526, 162, '438834', '1998-09-13'),
(527, 64, '438835', '2009-05-31'),
(528, 258, '438836', '1999-02-05'),
(529, 205, '438837', '1998-12-02'),
(530, 35, '438838', '1996-07-11'),
(531, 85, '438839', '2002-08-17'),
(532, 194, '438840', '1997-01-03'),
(533, 143, '438841', '1991-09-07'),
(534, 318, '438842', '1996-10-13'),
(535, 6, '438843', '2000-10-14'),
(536, 180, '438844', '1993-01-24'),
(537, 95, '438845', '2003-03-10'),
(538, 243, '438846', '2011-09-12'),
(539, 322, '438847', '2000-07-30'),
(540, 193, '438848', '1996-03-01'),
(541, 315, '438849', '1991-12-27'),
(542, 257, '438850', '2004-11-16'),
(543, 254, '438851', '1991-01-28'),
(544, 229, '438852', '2009-10-23'),
(545, 156, '438853', '2000-11-21'),
(546, 297, '438854', '2003-10-07'),
(547, 304, '438855', '2006-09-26'),
(548, 121, '438856', '2000-12-07'),
(549, 43, '438857', '1994-01-17'),
(550, 190, '438858', '2001-09-13'),
(551, 272, '438859', '2012-01-22'),
(552, 80, '438860', '2000-09-29'),
(553, 21, '438861', '1994-11-30'),
(554, 245, '438862', '2000-07-29'),
(555, 147, '438863', '2008-01-29'),
(556, 25, '438864', '1992-07-01'),
(557, 77, '438865', '2006-12-28'),
(558, 159, '438866', '2002-10-10'),
(559, 295, '438867', '2010-06-06'),
(560, 82, '438868', '1997-08-03'),
(561, 298, '438869', '2004-04-07'),
(562, 49, '438870', '1995-07-19'),
(563, 293, '438871', '2009-10-25'),
(564, 40, '438872', '1999-02-11'),
(565, 229, '438873', '1995-03-24'),
(566, 248, '438874', '1999-10-19'),
(567, 160, '438875', '2002-06-15'),
(568, 305, '438876', '2004-05-04'),
(569, 170, '438877', '2008-09-09'),
(570, 301, '438878', '1991-11-11'),
(571, 104, '438879', '1994-09-14'),
(572, 202, '438880', '1998-08-02'),
(573, 61, '438881', '2001-08-28'),
(574, 188, '438882', '1995-09-21'),
(575, 122, '438883', '2012-02-28'),
(576, 97, '438884', '1997-09-19'),
(577, 179, '438885', '1998-04-28'),
(578, 253, '438886', '2008-06-12'),
(579, 37, '438887', '1997-08-15'),
(580, 36, '438888', '1994-12-04'),
(581, 116, '438889', '2003-10-08'),
(582, 42, '438890', '2012-04-03'),
(583, 266, '438891', '2003-06-17'),
(584, 268, '438892', '2004-04-22'),
(585, 39, '438893', '2000-03-15'),
(586, 291, '438894', '2004-03-07'),
(587, 184, '438895', '1999-01-07'),
(588, 82, '438896', '2004-07-30'),
(589, 37, '438897', '2001-06-17'),
(590, 76, '438898', '2005-09-09'),
(591, 12, '438899', '1991-01-11'),
(592, 219, '438900', '1994-03-07'),
(593, 162, '438901', '2007-02-12'),
(594, 38, '438902', '2005-05-11'),
(595, 203, '438903', '1997-02-24'),
(596, 87, '438904', '1993-05-29'),
(597, 70, '438905', '2011-02-22'),
(598, 43, '438906', '1997-08-02'),
(599, 193, '438907', '1991-07-18'),
(600, 160, '438908', '2009-06-28'),
(601, 259, '438909', '2011-03-06'),
(602, 239, '438910', '1994-07-18'),
(603, 91, '438911', '2002-01-21'),
(604, 1, '438912', '1997-12-06'),
(605, 183, '438913', '2008-08-02'),
(606, 294, '438914', '1999-04-17'),
(607, 74, '438915', '2011-01-24'),
(608, 207, '438916', '2010-01-01'),
(609, 215, '438917', '1994-02-04'),
(610, 270, '438918', '1992-07-13'),
(611, 14, '438919', '2008-09-27'),
(612, 24, '438920', '2007-09-27'),
(613, 305, '438921', '2007-05-23'),
(614, 315, '438922', '2011-02-22'),
(615, 250, '438923', '1992-09-13'),
(616, 77, '438924', '2004-10-14'),
(617, 269, '438925', '2005-06-11'),
(618, 319, '438926', '1990-09-19'),
(619, 90, '438927', '1992-03-26'),
(620, 16, '438928', '1990-05-17'),
(621, 299, '438929', '2009-03-05'),
(622, 214, '438930', '2003-03-12'),
(623, 259, '438931', '1994-07-27'),
(624, 145, '438932', '2008-10-30'),
(625, 190, '438933', '2007-02-05'),
(626, 202, '438934', '1996-06-03'),
(627, 318, '438935', '1996-03-04'),
(628, 319, '438936', '1994-02-11'),
(629, 288, '438937', '1997-11-22'),
(630, 302, '438938', '2006-02-11'),
(631, 82, '438939', '2004-05-14'),
(632, 95, '438940', '2004-10-13'),
(633, 17, '438941', '2010-10-20'),
(634, 273, '438942', '1994-11-27'),
(635, 250, '438943', '2002-09-02'),
(636, 258, '438944', '2003-01-08'),
(637, 165, '438945', '1996-05-17'),
(638, 146, '438946', '2007-07-09'),
(639, 64, '438947', '1995-01-21'),
(640, 213, '438948', '2012-05-20'),
(641, 317, '438949', '2006-09-15'),
(642, 104, '438950', '1995-06-05'),
(643, 155, '438951', '1990-11-19'),
(644, 56, '438952', '2011-08-10'),
(645, 123, '438953', '2010-03-03'),
(646, 63, '438954', '1998-02-17'),
(647, 88, '438955', '1993-07-15'),
(648, 169, '438956', '2001-02-20'),
(649, 294, '438957', '2008-12-15'),
(650, 263, '438958', '1997-02-24'),
(651, 310, '438959', '2007-08-14'),
(652, 281, '438960', '1991-04-12'),
(653, 22, '438961', '1992-04-26'),
(654, 151, '438962', '2008-02-29'),
(655, 102, '438963', '2004-05-05'),
(656, 32, '438964', '1991-12-23'),
(657, 136, '438965', '1997-10-03'),
(658, 222, '438966', '2011-02-12'),
(659, 159, '438967', '1996-05-10'),
(660, 193, '438968', '2001-12-23'),
(661, 120, '438969', '1998-02-17'),
(662, 230, '438970', '2009-03-07'),
(663, 126, '438971', '1998-09-13'),
(664, 138, '438972', '2010-05-15'),
(665, 69, '438973', '1998-02-17'),
(666, 193, '438974', '2008-05-30'),
(667, 282, '438975', '1991-08-03'),
(668, 152, '438976', '2010-01-20'),
(669, 261, '438977', '2012-06-16'),
(670, 286, '438978', '1990-07-24'),
(671, 218, '438979', '1993-10-02'),
(672, 60, '438980', '2001-11-03'),
(673, 25, '438981', '2004-10-07'),
(674, 8, '438982', '2011-07-09'),
(675, 158, '438983', '2008-04-16'),
(676, 109, '438984', '1998-04-06'),
(677, 42, '438985', '1996-02-18'),
(678, 163, '438986', '2010-03-06'),
(679, 318, '438987', '1995-09-14'),
(680, 124, '438988', '2010-05-30'),
(681, 171, '438989', '2012-02-23'),
(682, 175, '438990', '1999-08-26'),
(683, 46, '438991', '1995-12-06'),
(684, 146, '438992', '1991-11-09'),
(685, 136, '438993', '2007-08-24'),
(686, 215, '438994', '1992-09-17'),
(687, 54, '438995', '2008-07-12'),
(688, 322, '438996', '2010-10-06'),
(689, 118, '438997', '1993-08-14'),
(690, 93, '438998', '1990-11-09'),
(691, 101, '438999', '2001-10-09'),
(692, 292, '439000', '1990-10-09'),
(693, 89, '439001', '1997-08-11'),
(694, 192, '439002', '1996-02-03'),
(695, 50, '439003', '1997-11-24'),
(696, 290, '439004', '2012-06-06'),
(697, 307, '439005', '2010-07-06'),
(698, 240, '439006', '2008-02-29'),
(699, 31, '439007', '2008-02-04'),
(700, 303, '439008', '2004-09-18'),
(701, 82, '439009', '1997-01-14'),
(702, 158, '439010', '2008-10-14'),
(703, 184, '439011', '1993-06-11'),
(704, 253, '439012', '2003-08-10'),
(705, 269, '439013', '2004-11-24'),
(706, 275, '439014', '1993-08-30'),
(707, 319, '439015', '2006-07-25'),
(708, 100, '439016', '2011-07-12'),
(709, 64, '439017', '1991-01-11'),
(710, 64, '439018', '1992-08-07'),
(711, 55, '439019', '2005-05-14'),
(712, 71, '439020', '1992-04-21'),
(713, 23, '439021', '1992-03-18'),
(714, 100, '439022', '1999-10-10'),
(715, 174, '439023', '2010-05-15'),
(716, 261, '439024', '2010-10-11'),
(717, 146, '439025', '2002-03-14'),
(718, 90, '439026', '2000-06-09'),
(719, 283, '439027', '1997-07-05'),
(720, 228, '439028', '2006-07-30'),
(721, 62, '439029', '2005-08-31'),
(722, 148, '439030', '1992-07-30'),
(723, 152, '439031', '1999-01-26'),
(724, 151, '439032', '1998-07-28'),
(725, 317, '439033', '2007-01-22'),
(726, 136, '439034', '2004-05-15'),
(727, 80, '439035', '1991-05-09'),
(728, 300, '439036', '1999-07-11'),
(729, 205, '439037', '2004-10-08'),
(730, 196, '439038', '1994-02-03'),
(731, 283, '439039', '1995-06-02'),
(732, 82, '439040', '2001-09-01'),
(733, 110, '439041', '2006-06-11'),
(734, 227, '439042', '2010-10-21'),
(735, 319, '439043', '1998-11-03'),
(736, 41, '439044', '1996-04-11'),
(737, 49, '439045', '2002-08-14'),
(738, 160, '439046', '2007-01-23'),
(739, 62, '439047', '2009-05-23'),
(740, 123, '439048', '2008-05-08'),
(741, 90, '439049', '1999-08-09'),
(742, 87, '439050', '1996-02-10'),
(743, 162, '439051', '2002-12-18'),
(744, 305, '439052', '1990-02-20'),
(745, 178, '439053', '1991-05-03'),
(746, 135, '439054', '2006-03-23'),
(747, 267, '439055', '2002-03-04'),
(748, 178, '439056', '1994-04-24'),
(749, 90, '439057', '1995-11-29'),
(750, 65, '439058', '2001-02-18'),
(751, 194, '439059', '2003-08-17'),
(752, 279, '439060', '2000-02-17'),
(753, 231, '439061', '1994-01-28'),
(754, 249, '439062', '2003-05-09'),
(755, 98, '439063', '2004-04-29'),
(756, 217, '439064', '1997-06-09'),
(757, 48, '439065', '1999-11-20'),
(758, 85, '439066', '1997-06-22'),
(759, 291, '439067', '1994-08-08'),
(760, 238, '439068', '2009-11-24'),
(761, 117, '439069', '2000-12-05'),
(762, 169, '439070', '2012-02-18'),
(763, 193, '439071', '2001-06-06'),
(764, 250, '439072', '2001-09-21'),
(765, 108, '439073', '1992-01-02'),
(766, 157, '439074', '1991-04-02'),
(767, 105, '439075', '2007-09-13'),
(768, 61, '439076', '2002-02-09'),
(769, 232, '439077', '2011-12-17'),
(770, 280, '439078', '1993-12-23'),
(771, 223, '439079', '2012-04-26'),
(772, 99, '439080', '1990-06-28'),
(773, 106, '439081', '1990-12-01'),
(774, 252, '439082', '1990-08-21'),
(775, 16, '439083', '2010-11-17'),
(776, 122, '439084', '1995-02-09'),
(777, 240, '439085', '2003-04-26'),
(778, 113, '439086', '2002-07-15'),
(779, 231, '439087', '1993-10-15'),
(780, 314, '439088', '1990-01-30'),
(781, 45, '439089', '1993-12-03'),
(782, 290, '439090', '2012-03-23'),
(783, 30, '439091', '1994-05-18'),
(784, 6, '439092', '1994-11-15'),
(785, 113, '439093', '2008-04-03'),
(786, 292, '439094', '2008-09-22'),
(787, 278, '439095', '1996-08-13'),
(788, 104, '439096', '1998-09-26'),
(789, 8, '439097', '2001-04-02'),
(790, 124, '439098', '2002-06-25'),
(791, 64, '439099', '1990-01-06'),
(792, 4, '439100', '2000-10-22'),
(793, 43, '439101', '1993-11-21'),
(794, 148, '439102', '1998-06-19'),
(795, 70, '439103', '2003-07-20'),
(796, 243, '439104', '1997-08-01'),
(797, 97, '439105', '2007-07-13'),
(798, 148, '439106', '2007-06-08'),
(799, 278, '439107', '2001-02-14'),
(800, 274, '439108', '2002-11-15'),
(801, 10, '439109', '2007-12-29'),
(802, 231, '439110', '1997-02-13'),
(803, 201, '439111', '1992-03-30'),
(804, 47, '439112', '2001-07-06'),
(805, 216, '439113', '2006-12-28'),
(806, 84, '439114', '2009-02-12'),
(807, 195, '439115', '1995-04-30'),
(808, 217, '439116', '2008-11-10'),
(809, 152, '439117', '2005-08-21'),
(810, 255, '439118', '2003-02-02'),
(811, 40, '439119', '2010-06-07'),
(812, 126, '439120', '1998-10-17'),
(813, 46, '439121', '1993-04-19'),
(814, 213, '439122', '2006-10-08'),
(815, 280, '439123', '1990-07-10'),
(816, 144, '439124', '1990-02-21'),
(817, 131, '439125', '1990-04-30'),
(818, 267, '439126', '2008-08-25'),
(819, 6, '439127', '2000-05-06'),
(820, 19, '439128', '2004-08-22'),
(821, 158, '439129', '1995-04-02'),
(822, 256, '439130', '2012-06-01'),
(823, 22, '439131', '2006-06-07'),
(824, 203, '439132', '2004-06-02'),
(825, 131, '439133', '1991-05-30'),
(826, 245, '439134', '1999-02-04'),
(827, 239, '439135', '2006-11-14'),
(828, 287, '439136', '2006-07-13'),
(829, 162, '439137', '2002-12-22'),
(830, 238, '439138', '1992-04-03'),
(831, 67, '439139', '2002-11-08'),
(832, 28, '439140', '2001-04-09'),
(833, 285, '439141', '2011-09-26'),
(834, 226, '439142', '2003-07-12'),
(835, 197, '439143', '1991-08-16'),
(836, 5, '439144', '1991-11-22'),
(837, 79, '439145', '1993-12-06'),
(838, 197, '439146', '2000-08-18'),
(839, 74, '439147', '2001-06-13'),
(840, 128, '439148', '2008-07-27'),
(841, 286, '439149', '2002-10-13'),
(842, 163, '439150', '2001-10-03'),
(843, 267, '439151', '2011-05-22'),
(844, 293, '439152', '1999-03-12'),
(845, 31, '439153', '2005-03-02'),
(846, 225, '439154', '1995-08-06'),
(847, 144, '439155', '2011-07-18'),
(848, 241, '439156', '2008-09-29'),
(849, 262, '439157', '2008-05-18'),
(850, 42, '439158', '2010-12-31'),
(851, 141, '439159', '1992-08-02'),
(852, 315, '439160', '1996-06-28'),
(853, 288, '439161', '1993-02-24'),
(854, 17, '439162', '1994-02-09'),
(855, 162, '439163', '1995-07-05'),
(856, 262, '439164', '1998-01-26'),
(857, 184, '439165', '2004-04-28'),
(858, 268, '439166', '2011-11-19'),
(859, 37, '439167', '1991-03-26'),
(860, 56, '439168', '2006-09-06'),
(861, 29, '439169', '2010-04-24'),
(862, 125, '439170', '1998-06-14'),
(863, 279, '439171', '1999-11-20'),
(864, 286, '439172', '1994-01-05'),
(865, 306, '439173', '1997-07-01'),
(866, 123, '439174', '1999-12-21'),
(867, 174, '439175', '2004-09-28'),
(868, 109, '439176', '2008-12-19'),
(869, 315, '439177', '2008-04-17'),
(870, 22, '439178', '1991-10-12'),
(871, 246, '439179', '1996-10-01'),
(872, 123, '439180', '2011-03-08'),
(873, 102, '439181', '2004-09-01'),
(874, 157, '439182', '2002-05-16'),
(875, 23, '439183', '1997-01-16'),
(876, 43, '439184', '2008-04-07'),
(877, 316, '439185', '2012-06-12'),
(878, 146, '439186', '1999-01-06'),
(879, 292, '439187', '1996-05-30'),
(880, 271, '439188', '1990-12-11'),
(881, 287, '439189', '1996-02-08'),
(882, 54, '439190', '2010-02-11'),
(883, 254, '439191', '2005-12-07'),
(884, 100, '439192', '2011-12-14'),
(885, 294, '439193', '1999-03-04'),
(886, 298, '439194', '1997-07-25'),
(887, 250, '439195', '2008-08-26'),
(888, 240, '439196', '1995-07-02'),
(889, 231, '439197', '2007-09-22'),
(890, 216, '439198', '2004-07-01'),
(891, 281, '439199', '2008-11-03'),
(892, 44, '439200', '2001-08-01'),
(893, 215, '439201', '1999-07-13'),
(894, 303, '439202', '1992-03-09'),
(895, 190, '439203', '2009-09-21'),
(896, 278, '439204', '2001-03-10'),
(897, 11, '439205', '2011-07-28'),
(898, 144, '439206', '1992-10-31'),
(899, 191, '439207', '2001-07-24'),
(900, 322, '439208', '2001-10-10'),
(901, 27, '439209', '1994-11-17'),
(902, 246, '439210', '1996-04-29'),
(903, 184, '439211', '2010-11-08'),
(904, 87, '439212', '1992-07-19'),
(905, 45, '439213', '2007-12-02'),
(906, 51, '439214', '1991-05-08'),
(907, 132, '439215', '1993-02-19'),
(908, 16, '439216', '2008-03-04'),
(909, 113, '439217', '1990-12-18'),
(910, 17, '439218', '1992-09-19'),
(911, 264, '439219', '1991-05-03'),
(912, 6, '439220', '2007-12-04'),
(913, 39, '439221', '2010-06-29'),
(914, 73, '439222', '2007-09-12'),
(915, 78, '439223', '1990-03-15'),
(916, 28, '439224', '1995-02-26'),
(917, 33, '439225', '1998-09-04'),
(918, 47, '439226', '2008-11-15'),
(919, 316, '439227', '1995-05-11'),
(920, 26, '439228', '2011-12-31'),
(921, 21, '439229', '1999-05-13'),
(922, 265, '439230', '1999-02-07'),
(923, 195, '439231', '1997-11-22'),
(924, 67, '439232', '2006-06-09'),
(925, 37, '439233', '2000-11-23'),
(926, 210, '439234', '1993-11-01'),
(927, 306, '439235', '2006-01-15'),
(928, 279, '439236', '2006-01-30'),
(929, 18, '439237', '2000-09-28'),
(930, 223, '439238', '2006-02-20'),
(931, 131, '439239', '1996-05-27'),
(932, 124, '439240', '2002-11-01'),
(933, 309, '439241', '2004-07-25'),
(934, 193, '439242', '1994-03-19'),
(935, 247, '439243', '2007-11-11'),
(936, 264, '439244', '2006-08-14'),
(937, 79, '439245', '1997-09-01'),
(938, 139, '439246', '2009-02-03'),
(939, 143, '439247', '2007-06-30'),
(940, 6, '439248', '1995-04-23'),
(941, 4, '439249', '1995-09-07'),
(942, 148, '439250', '2001-11-26'),
(943, 302, '439251', '1995-03-11'),
(944, 111, '439252', '2006-07-12'),
(945, 189, '439253', '1995-12-10'),
(946, 96, '439254', '2000-08-23'),
(947, 10, '439255', '2006-06-23'),
(948, 248, '439256', '1993-02-15'),
(949, 194, '439257', '1999-12-28'),
(950, 93, '439258', '2000-09-12'),
(951, 114, '439259', '2005-01-29'),
(952, 79, '439260', '2004-04-01'),
(953, 115, '439261', '1993-08-28'),
(954, 229, '439262', '1997-06-03'),
(955, 41, '439263', '2011-04-13'),
(956, 229, '439264', '1999-02-02'),
(957, 45, '439265', '1996-08-14'),
(958, 79, '439266', '2005-02-06'),
(959, 275, '439267', '1998-01-22'),
(960, 61, '439268', '1994-01-16'),
(961, 39, '439269', '1991-04-23'),
(962, 193, '439270', '2000-10-25'),
(963, 4, '439271', '2010-12-31'),
(964, 225, '439272', '1997-12-11'),
(965, 193, '439273', '1994-11-14'),
(966, 249, '439274', '2006-02-21'),
(967, 37, '439275', '1991-02-22'),
(968, 192, '439276', '2009-12-15'),
(969, 197, '439277', '2010-04-08'),
(970, 317, '439278', '2010-01-12'),
(971, 281, '439279', '1993-11-08'),
(972, 33, '439280', '1995-02-24'),
(973, 60, '439281', '1997-04-05'),
(974, 91, '439282', '1998-01-29'),
(975, 171, '439283', '2005-12-31'),
(976, 73, '439284', '2007-11-11'),
(977, 227, '439285', '2003-11-26'),
(978, 77, '439286', '2010-03-04'),
(979, 259, '439287', '2004-10-29'),
(980, 13, '439288', '2011-01-05'),
(981, 291, '439289', '1999-09-23'),
(982, 13, '439290', '2005-05-14'),
(983, 287, '439291', '1991-03-21'),
(984, 274, '439292', '2000-04-20'),
(985, 290, '439293', '1996-11-08'),
(986, 23, '439294', '1998-03-17'),
(987, 273, '439295', '2000-12-19'),
(988, 73, '439296', '2008-04-11'),
(989, 237, '439297', '2008-07-01'),
(990, 137, '439298', '1996-12-02'),
(991, 204, '439299', '1990-12-25'),
(992, 302, '439300', '1993-09-06'),
(993, 8, '439301', '2008-11-14'),
(994, 5, '439302', '2000-02-05'),
(995, 125, '439303', '2005-03-26'),
(996, 159, '439304', '1993-11-12'),
(997, 160, '439305', '1997-12-08'),
(998, 55, '439306', '2002-11-15'),
(999, 91, '439307', '1991-05-29'),
(1000, 39, '439308', '1992-03-08'),
(1001, 112, '439309', '1999-11-25'),
(1002, 78, '439310', '1996-07-06'),
(1003, 250, '439311', '1996-07-12'),
(1004, 172, '439312', '2009-02-06'),
(1005, 189, '439313', '1995-02-09'),
(1006, 242, '439314', '1993-07-07'),
(1007, 249, '439315', '2004-11-06'),
(1008, 318, '439316', '1994-05-21'),
(1009, 53, '439317', '2003-06-26'),
(1010, 44, '439318', '2011-05-22'),
(1011, 210, '439319', '2007-05-12'),
(1012, 12, '439320', '2000-08-08'),
(1013, 153, '439321', '1996-12-18'),
(1014, 88, '439322', '2006-02-14'),
(1015, 129, '439323', '2002-11-10'),
(1016, 211, '439324', '2008-07-12'),
(1017, 284, '439325', '1994-08-31'),
(1018, 22, '439326', '2005-12-21'),
(1019, 178, '439327', '2006-11-20'),
(1020, 215, '439328', '1993-07-27'),
(1021, 181, '439329', '2009-06-25'),
(1022, 239, '439330', '2002-03-23'),
(1023, 183, '439331', '1995-06-28'),
(1024, 252, '439332', '2012-03-03'),
(1025, 162, '439333', '2012-06-10'),
(1026, 300, '439334', '1999-02-06'),
(1027, 153, '439335', '1995-08-07'),
(1028, 90, '439336', '1998-09-07'),
(1029, 233, '439337', '1992-02-02'),
(1030, 113, '439338', '2000-11-20'),
(1031, 212, '439339', '1991-11-08'),
(1032, 111, '439340', '1997-07-24'),
(1033, 117, '439341', '2003-01-11'),
(1034, 151, '439342', '1991-10-30'),
(1035, 189, '439343', '2002-05-22'),
(1036, 251, '439344', '2006-01-28'),
(1037, 131, '439345', '2001-08-14'),
(1038, 139, '439346', '1992-05-14'),
(1039, 283, '439347', '2008-10-04'),
(1040, 282, '439348', '1995-10-01'),
(1041, 145, '439349', '1992-01-02'),
(1042, 284, '439350', '2008-07-28'),
(1043, 308, '439351', '1991-09-09'),
(1044, 316, '439352', '1992-03-18'),
(1045, 209, '439353', '1998-06-21'),
(1046, 299, '439354', '2011-03-16'),
(1047, 91, '439355', '2006-12-03'),
(1048, 306, '439356', '2008-02-01'),
(1049, 117, '439357', '1997-02-13'),
(1050, 47, '439358', '2003-12-18'),
(1051, 293, '439359', '2006-02-09'),
(1052, 201, '439360', '2002-06-07'),
(1053, 37, '439361', '2003-12-08'),
(1054, 209, '439362', '2011-09-12'),
(1055, 204, '439363', '1999-02-12'),
(1056, 72, '439364', '1995-07-25'),
(1057, 93, '439365', '1991-03-12'),
(1058, 139, '439366', '2011-04-29'),
(1059, 206, '439367', '1990-04-27'),
(1060, 128, '439368', '1991-10-31'),
(1061, 134, '439369', '2009-07-24'),
(1062, 267, '439370', '1997-11-24'),
(1063, 196, '439371', '2001-03-15'),
(1064, 199, '439372', '2004-07-10'),
(1065, 273, '439373', '1992-05-04'),
(1066, 155, '439374', '2012-06-24'),
(1067, 269, '439375', '1991-11-30'),
(1068, 62, '439376', '2010-01-12'),
(1069, 307, '439377', '1993-08-15'),
(1070, 253, '439378', '1996-05-19'),
(1071, 135, '439379', '1998-04-10'),
(1072, 283, '439380', '1997-12-22'),
(1073, 36, '439381', '1992-12-10'),
(1074, 154, '439382', '2003-01-04'),
(1075, 200, '439383', '1991-02-04'),
(1076, 21, '439384', '1990-02-23'),
(1077, 59, '439385', '1994-05-20'),
(1078, 275, '439386', '2007-10-29'),
(1079, 218, '439387', '1998-06-05'),
(1080, 314, '439388', '2009-05-01'),
(1081, 275, '439389', '2009-07-30'),
(1082, 188, '439390', '2000-09-24'),
(1083, 116, '439391', '1994-07-08'),
(1084, 164, '439392', '2009-06-05'),
(1085, 10, '439393', '2009-04-28'),
(1086, 264, '439394', '2002-11-28'),
(1087, 63, '439395', '2009-10-14'),
(1088, 147, '439396', '1999-03-02'),
(1089, 74, '439397', '2007-09-18'),
(1090, 215, '439398', '2007-01-03'),
(1091, 287, '439399', '2001-03-31'),
(1092, 98, '439400', '2011-10-14'),
(1093, 120, '439401', '1996-03-10'),
(1094, 29, '439402', '1998-01-08'),
(1095, 66, '439403', '1990-11-21'),
(1096, 117, '439404', '2009-05-07'),
(1097, 33, '439405', '2007-08-16'),
(1098, 196, '439406', '2001-07-22'),
(1099, 243, '439407', '2006-01-18'),
(1100, 108, '439408', '2002-09-26'),
(1101, 321, '439409', '1995-02-15'),
(1102, 170, '439410', '2006-03-24'),
(1103, 264, '439411', '1995-05-11'),
(1104, 251, '439412', '2003-08-09'),
(1105, 71, '439413', '1995-08-22'),
(1106, 74, '439414', '1993-10-20'),
(1107, 101, '439415', '2001-09-09'),
(1108, 168, '439416', '1991-02-17'),
(1109, 224, '439417', '1994-09-21'),
(1110, 216, '439418', '2005-04-14'),
(1111, 277, '439419', '1993-11-07'),
(1112, 143, '439420', '2006-12-13'),
(1113, 259, '439421', '1991-03-03'),
(1114, 2, '439422', '1993-05-28'),
(1115, 302, '439423', '1992-12-29'),
(1116, 297, '439424', '1991-02-11'),
(1117, 234, '439425', '1991-01-16'),
(1118, 259, '439426', '2006-06-16'),
(1119, 200, '439427', '1999-08-18'),
(1120, 29, '439428', '1993-08-08'),
(1121, 247, '439429', '1990-02-02');

-- --------------------------------------------------------

--
-- Table structure for table `issuance`
--

DROP TABLE IF EXISTS `issuance`;
CREATE TABLE IF NOT EXISTS `issuance` (
  `id_issuance` int(11) NOT NULL,
  `id_copy` int(11) NOT NULL,
  `id_reader` int(11) NOT NULL,
  `issue_date` date NOT NULL,
  `release_date` date DEFAULT NULL,
  `deadline_date` date NOT NULL,
  PRIMARY KEY (`id_issuance`),
  KEY `fk_issuance_copy1_idx` (`id_copy`),
  KEY `fk_issuance_reader1_idx` (`id_reader`)
) ENGINE=InnoDB DEFAULT CHARSET=utf8;

--
-- Dumping data for table `issuance`
--

INSERT INTO `issuance` (`id_issuance`, `id_copy`, `id_reader`, `issue_date`, `release_date`, `deadline_date`) VALUES
(1, 478, 87, '2000-09-24', '2000-10-08', '2000-10-01'),
(2, 152, 173, '2013-03-03', '2013-04-17', '2013-03-17'),
(3, 162, 56, '2012-09-30', '2012-10-21', '2012-10-14'),
(4, 111, 47, '2007-10-11', '2007-10-30', '2007-10-18'),
(5, 343, 128, '2011-10-15', '2011-11-11', '2011-10-22'),
(6, 391, 94, '2001-05-20', '2001-06-14', '2001-06-10'),
(7, 273, 238, '2009-03-30', '2009-05-19', '2009-04-20'),
(8, 484, 95, '2002-01-25', '2002-02-13', '2002-02-08'),
(9, 186, 166, '2003-11-28', '2003-12-25', '2003-12-05'),
(10, 180, 79, '2012-04-21', '2012-06-04', '2012-04-28'),
(11, 168, 108, '2010-12-16', '2011-02-14', '2010-12-23'),
(12, 127, 88, '2011-09-15', '2011-10-09', '2011-10-06'),
(13, 485, 218, '2010-11-22', '2010-12-15', '2010-12-06'),
(14, 123, 75, '2003-08-02', '2003-08-10', '2003-08-09'),
(15, 323, 126, '2005-11-30', '2006-01-08', '2005-12-14'),
(17, 225, 165, '2009-04-13', '2009-04-15', '2009-04-20'),
(18, 401, 111, '2004-08-05', '2004-09-17', '2004-08-12'),
(19, 344, 99, '2008-05-17', '2008-06-10', '2008-05-31'),
(20, 496, 136, '2003-04-26', '2003-05-16', '2003-05-24'),
(21, 280, 20, '2003-01-06', '2003-01-13', '2003-01-20'),
(22, 291, 29, '2013-08-29', '2013-09-22', '2013-09-19'),
(23, 412, 38, '2001-12-12', '2002-01-08', '2002-01-09'),
(24, 157, 142, '2010-07-16', '2010-08-08', '2010-08-06'),
(25, 171, 237, '2008-03-02', '2008-03-16', '2008-03-09'),
(26, 207, 11, '2007-06-28', '2007-08-22', '2007-07-12'),
(27, 415, 156, '2004-02-14', '2004-02-14', '2004-03-13'),
(28, 210, 126, '2001-06-06', '2001-08-01', '2001-07-04'),
(29, 360, 32, '2004-03-05', '2004-04-09', '2004-04-02'),
(30, 257, 126, '2004-03-27', '2004-04-07', '2004-04-24'),
(31, 218, 188, '2003-11-25', '2003-12-27', '2003-12-16'),
(32, 288, 93, '2013-06-29', '2013-07-28', '2013-07-20'),
(33, 410, 197, '2001-07-25', '2001-08-04', '2001-08-08'),
(34, 12, 109, '2013-03-10', '2013-04-15', '2013-03-24'),
(35, 51, 211, '2001-12-21', '2002-02-18', '2002-01-04'),
(36, 306, 202, '2010-05-22', '2010-06-28', '2010-05-29'),
(37, 161, 241, '2013-04-06', '2013-05-18', '2013-05-04'),
(38, 230, 42, '2000-10-07', '2000-11-28', '2000-10-21'),
(39, 465, 120, '2005-01-14', '2005-01-31', '2005-02-11'),
(40, 27, 162, '2007-11-26', '2007-12-08', '2007-12-17'),
(41, 461, 91, '2004-12-09', '2004-12-12', '2004-12-30'),
(42, 312, 1, '2008-03-16', '2008-04-23', '2008-04-13'),
(43, 269, 7, '2008-10-30', '2008-12-09', '2008-11-27'),
(44, 434, 15, '2003-09-11', '2003-10-05', '2003-10-09'),
(45, 180, 114, '2007-07-09', '2007-08-25', '2007-07-23'),
(46, 61, 182, '2011-06-28', '2011-08-16', '2011-07-05'),
(47, 93, 149, '2010-05-21', '2010-07-02', '2010-06-04'),
(48, 236, 8, '2008-12-06', '2009-01-16', '2008-12-27'),
(49, 486, 209, '2012-11-13', '2012-12-31', '2012-11-20'),
(50, 250, 205, '2000-07-13', '2000-08-14', '2000-08-03'),
(51, 359, 163, '2013-10-17', '2013-11-14', '2013-10-31'),
(52, 480, 79, '2014-04-27', '2014-04-30', '2014-05-11'),
(53, 423, 14, '2010-12-28', '2011-01-04', '2011-01-11'),
(54, 408, 232, '2004-05-07', '2004-06-14', '2004-05-21'),
(55, 9, 176, '2008-12-31', '2009-02-01', '2009-01-14'),
(56, 79, 21, '2004-01-13', '2004-02-10', '2004-02-10'),
(57, 216, 32, '2005-08-17', '2005-09-19', '2005-09-14'),
(58, 95, 241, '2005-06-19', '2005-06-21', '2005-07-10'),
(59, 18, 99, '2009-08-15', '2009-09-11', '2009-08-29'),
(60, 285, 19, '2009-02-06', '2009-02-27', '2009-03-06'),
(61, 458, 76, '2009-04-22', '2009-06-20', '2009-05-13'),
(62, 266, 68, '2009-08-31', '2009-10-04', '2009-09-14'),
(63, 398, 180, '2013-11-01', '2013-11-10', '2013-11-29'),
(64, 450, 90, '2004-01-21', '2004-02-14', '2004-02-04'),
(65, 164, 230, '2013-07-14', '2013-08-17', '2013-07-21'),
(66, 472, 86, '2006-01-23', '2006-03-05', '2006-02-13'),
(67, 411, 161, '2010-09-30', '2010-11-26', '2010-10-21'),
(68, 328, 1, '2011-11-14', '2011-12-24', '2011-12-05'),
(69, 344, 128, '2015-05-10', '2015-07-08', '2015-05-24'),
(70, 220, 37, '2012-03-13', '2012-03-27', '2012-03-27'),
(71, 311, 214, '2015-05-30', '2015-07-09', '2015-06-06'),
(72, 217, 19, '2006-01-23', '2006-03-23', '2006-02-13'),
(73, 118, 176, '2009-10-07', '2009-10-18', '2009-10-21'),
(74, 430, 54, '2008-12-04', '2009-01-22', '2009-01-01'),
(75, 137, 166, '2006-10-08', '2006-11-20', '2006-10-22'),
(76, 241, 224, '2004-07-02', '2004-07-10', '2004-07-16'),
(77, 72, 42, '2002-08-04', '2002-09-26', '2002-09-01'),
(78, 241, 70, '2005-09-13', '2005-10-28', '2005-09-20'),
(79, 332, 25, '2012-01-14', '2012-03-10', '2012-01-28'),
(80, 344, 107, '2005-01-13', '2005-01-30', '2005-02-03'),
(81, 288, 181, '2013-04-18', '2013-05-29', '2013-05-16'),
(82, 410, 95, '2002-06-29', '2002-07-04', '2002-07-06'),
(83, 420, 165, '2009-04-12', '2009-04-26', '2009-04-26'),
(84, 490, 68, '2007-04-07', '2007-04-20', '2007-04-28'),
(85, 407, 119, '2010-05-01', '2010-06-01', '2010-05-22'),
(86, 303, 32, '2008-04-30', '2008-05-21', '2008-05-07'),
(87, 330, 236, '2001-09-07', '2001-10-05', '2001-09-28'),
(88, 339, 189, '2003-04-29', '2003-05-12', '2003-05-27'),
(89, 498, 152, '2012-12-24', '2013-02-12', '2012-12-31'),
(90, 263, 35, '2014-05-10', '2014-06-22', '2014-05-17'),
(91, 301, 102, '2011-09-03', '2011-10-16', '2011-09-24'),
(92, 327, 79, '2006-07-02', '2006-08-20', '2006-07-16'),
(94, 308, 130, '2008-04-14', '2008-04-22', '2008-04-21'),
(95, 94, 147, '2002-07-17', '2002-07-27', '2002-07-31'),
(96, 235, 174, '2004-11-11', '2004-12-17', '2004-12-09'),
(97, 116, 91, '2007-06-25', '2007-07-20', '2007-07-23'),
(98, 466, 195, '2009-04-11', '2009-04-11', '2009-04-25'),
(99, 410, 57, '2000-10-19', '2000-10-20', '2000-11-02'),
(100, 399, 44, '2014-04-19', '2014-06-04', '2014-05-17'),
(101, 285, 81, '2013-10-16', '2013-10-28', '2013-10-23'),
(102, 195, 230, '2000-05-22', '2000-06-08', '2000-06-05'),
(103, 92, 139, '2013-04-12', '2013-04-27', '2013-05-03'),
(104, 79, 176, '2007-08-19', '2007-09-21', '2007-09-02'),
(105, 205, 144, '2007-12-19', '2008-02-10', '2007-12-26'),
(107, 180, 136, '2009-04-26', '2009-04-29', '2009-05-10'),
(108, 123, 199, '2012-06-25', '2012-06-26', '2012-07-09'),
(109, 175, 203, '2004-12-21', '2005-01-09', '2005-01-11'),
(110, 135, 171, '2009-12-28', '2010-02-20', '2010-01-18'),
(111, 281, 236, '2014-06-24', '2014-06-26', '2014-07-01'),
(112, 396, 33, '2005-03-05', '2005-04-18', '2005-03-12'),
(113, 205, 114, '2007-08-12', '2007-08-24', '2007-08-19'),
(114, 173, 170, '2004-10-04', '2004-11-23', '2004-10-25'),
(115, 131, 31, '2010-05-14', '2010-06-13', '2010-06-04'),
(116, 329, 87, '2008-04-16', '2008-04-21', '2008-05-07'),
(117, 213, 27, '2010-02-17', '2010-04-07', '2010-02-24'),
(118, 73, 211, '2001-08-17', '2001-10-06', '2001-09-07'),
(119, 454, 173, '2007-08-10', '2007-08-13', '2007-08-17'),
(120, 29, 210, '2008-05-17', '2008-05-23', '2008-06-14'),
(121, 60, 105, '2013-04-09', '2013-05-25', '2013-04-23'),
(122, 21, 20, '2013-12-21', '2014-02-12', '2014-01-04'),
(123, 483, 34, '2002-01-18', '2002-01-27', '2002-02-15'),
(124, 453, 199, '2008-04-27', '2008-06-25', '2008-05-18'),
(125, 43, 128, '2013-05-17', '2013-07-01', '2013-06-07'),
(126, 479, 90, '2015-04-22', '2015-05-16', '2015-05-20'),
(127, 484, 102, '2008-04-14', '2008-04-28', '2008-05-12'),
(128, 115, 83, '2011-07-13', '2011-07-14', '2011-08-03'),
(129, 352, 210, '2008-04-29', '2008-05-15', '2008-05-13'),
(130, 311, 137, '2010-01-07', '2010-02-20', '2010-01-21'),
(131, 163, 24, '2014-02-14', '2014-02-27', '2014-03-07'),
(132, 389, 100, '2014-10-25', '2014-12-09', '2014-11-01'),
(133, 78, 205, '2005-04-06', '2005-05-23', '2005-05-04'),
(134, 187, 78, '2008-02-22', '2008-03-15', '2008-02-29'),
(135, 320, 89, '2014-04-22', '2014-05-16', '2014-05-13'),
(136, 57, 233, '2014-07-09', '2014-08-19', '2014-07-23'),
(137, 80, 45, '2014-03-11', '2014-05-08', '2014-04-08'),
(138, 312, 179, '2001-06-08', '2001-08-02', '2001-06-29'),
(139, 495, 7, '2005-10-01', '2005-10-08', '2005-10-29'),
(140, 187, 220, '2006-04-01', '2006-05-17', '2006-04-22'),
(141, 339, 97, '2003-09-13', '2003-09-22', '2003-10-04'),
(142, 184, 178, '2002-10-05', '2002-10-09', '2002-11-02'),
(143, 440, 125, '2005-03-04', '2005-03-07', '2005-04-01'),
(144, 186, 44, '2011-03-19', '2011-04-13', '2011-03-26'),
(145, 229, 174, '2005-03-22', '2005-05-18', '2005-04-19'),
(146, 297, 199, '2009-12-28', '2009-12-29', '2010-01-25'),
(147, 198, 221, '2000-03-18', '2000-04-11', '2000-04-15'),
(148, 225, 39, '2000-05-20', '2000-06-23', '2000-06-03'),
(149, 480, 76, '2006-06-03', '2006-06-13', '2006-06-10'),
(150, 275, 15, '2006-04-18', '2006-05-20', '2006-05-16'),
(151, 126, 210, '2007-05-21', '2007-05-24', '2007-06-04'),
(152, 127, 68, '2011-08-01', '2011-09-07', '2011-08-08'),
(153, 293, 143, '2012-09-15', '2012-11-01', '2012-09-29'),
(154, 154, 239, '2012-01-03', '2012-01-03', '2012-01-24'),
(155, 496, 134, '2004-06-20', '2004-07-16', '2004-06-27'),
(156, 2, 220, '2007-12-23', '2008-01-04', '2008-01-13'),
(157, 409, 212, '2000-05-14', '2000-05-17', '2000-05-28'),
(158, 416, 201, '2015-05-25', '2015-06-26', '2015-06-22'),
(159, 381, 180, '2003-09-08', '2003-11-04', '2003-09-22'),
(160, 316, 4, '2007-11-17', '2007-11-25', '2007-12-15'),
(161, 378, 53, '2010-01-13', '2010-01-14', '2010-02-03'),
(162, 446, 219, '2000-12-04', '2000-12-12', '2000-12-11'),
(163, 235, 167, '2006-04-24', '2006-05-02', '2006-05-15'),
(164, 427, 5, '2001-08-07', '2001-08-12', '2001-09-04'),
(165, 492, 146, '2004-01-29', '2004-02-16', '2004-02-05'),
(166, 357, 109, '2003-01-31', '2003-02-15', '2003-02-14'),
(167, 310, 42, '2011-10-04', '2011-11-11', '2011-10-11'),
(168, 126, 142, '2005-09-23', '2005-10-20', '2005-10-07'),
(169, 106, 9, '2001-01-07', '2001-01-25', '2001-01-21'),
(170, 431, 183, '2002-01-31', '2002-02-17', '2002-02-21'),
(171, 5, 193, '2013-12-24', '2014-01-11', '2014-01-07'),
(172, 233, 20, '2012-01-27', '2012-02-29', '2012-02-03'),
(173, 484, 87, '2013-08-25', '2013-10-23', '2013-09-08'),
(174, 301, 28, '2007-06-19', '2007-07-15', '2007-07-03'),
(175, 380, 90, '2005-07-21', '2005-07-26', '2005-08-04'),
(176, 338, 30, '2000-06-25', '2000-06-27', '2000-07-23'),
(177, 53, 126, '2002-05-25', '2002-06-21', '2002-06-15'),
(178, 452, 226, '2014-10-04', '2014-10-19', '2014-11-01'),
(179, 217, 76, '2013-06-06', '2013-06-20', '2013-06-27'),
(180, 1, 68, '2001-09-13', '2001-09-14', '2001-09-20'),
(181, 167, 126, '2004-11-27', '2005-01-06', '2004-12-18'),
(182, 328, 160, '2009-08-10', '2009-10-02', '2009-08-24'),
(183, 237, 122, '2003-07-21', '2003-08-27', '2003-08-11'),
(184, 424, 74, '2009-06-17', '2009-07-27', '2009-07-08'),
(185, 223, 79, '2010-04-19', '2010-05-18', '2010-05-17'),
(186, 53, 181, '2005-12-24', '2006-02-06', '2006-01-21'),
(187, 43, 222, '2007-12-14', '2008-01-01', '2008-01-04'),
(188, 358, 1, '2014-05-11', '2014-05-30', '2014-06-08'),
(189, 305, 150, '2008-10-19', '2008-12-14', '2008-10-26'),
(190, 363, 33, '2002-08-14', '2002-08-29', '2002-09-04'),
(191, 4, 121, '2010-09-19', '2010-11-17', '2010-10-17'),
(192, 367, 189, '2001-10-04', '2001-11-02', '2001-11-01'),
(193, 147, 52, '2006-07-04', '2006-07-15', '2006-07-25'),
(194, 256, 142, '2014-06-18', '2014-08-01', '2014-07-09'),
(195, 442, 72, '2012-08-11', '2012-09-01', '2012-09-01'),
(196, 396, 106, '2005-04-30', '2005-05-06', '2005-05-28'),
(197, 281, 161, '2002-04-22', '2002-04-26', '2002-05-13'),
(198, 382, 78, '2010-03-15', '2010-03-23', '2010-04-05'),
(199, 252, 196, '2011-12-21', '2011-12-31', '2011-12-28'),
(200, 120, 87, '2011-04-21', '2011-05-10', '2011-05-05'),
(201, 235, 162, '2001-01-23', '2001-02-25', '2001-02-13'),
(202, 211, 182, '2014-10-06', '2014-11-29', '2014-10-13'),
(203, 280, 36, '2011-06-21', '2011-07-13', '2011-07-12'),
(204, 230, 30, '2005-03-27', '2005-05-15', '2005-04-17'),
(205, 199, 177, '2008-05-30', '2008-06-27', '2008-06-27'),
(206, 149, 27, '2004-08-14', '2004-09-23', '2004-08-28'),
(207, 338, 53, '2003-06-18', '2003-07-03', '2003-07-09'),
(208, 110, 88, '2009-04-06', '2009-05-19', '2009-04-20'),
(209, 431, 156, '2011-10-22', '2011-10-26', '2011-10-29'),
(210, 298, 231, '2006-12-18', '2007-02-05', '2007-01-15'),
(211, 17, 205, '2009-07-16', '2009-08-23', '2009-08-06'),
(212, 387, 186, '2003-01-19', '2003-02-24', '2003-02-09'),
(213, 358, 224, '2011-06-06', '2011-07-21', '2011-06-27'),
(214, 29, 189, '2009-09-23', '2009-11-19', '2009-10-21'),
(215, 452, 178, '2008-01-11', '2008-02-01', '2008-01-25'),
(216, 5, 241, '2012-05-10', '2012-05-16', '2012-05-17'),
(217, 273, 222, '2004-04-14', '2004-06-12', '2004-05-12'),
(218, 20, 189, '2012-03-13', '2012-05-11', '2012-03-27'),
(219, 100, 126, '2013-05-03', '2013-06-07', '2013-05-31'),
(220, 45, 79, '2012-05-01', '2012-05-27', '2012-05-29'),
(221, 489, 215, '2000-05-16', '2000-07-02', '2000-06-13'),
(222, 441, 151, '2007-01-10', '2007-02-07', '2007-01-31'),
(223, 412, 240, '2011-10-12', '2011-12-05', '2011-10-19'),
(224, 394, 73, '2004-02-28', '2004-04-21', '2004-03-27'),
(225, 323, 203, '2004-05-23', '2004-06-29', '2004-06-06'),
(226, 476, 234, '2012-11-14', '2012-12-24', '2012-11-21'),
(227, 199, 48, '2004-12-16', '2004-12-16', '2004-12-30'),
(228, 378, 1, '2001-04-03', '2001-06-01', '2001-04-10'),
(229, 261, 73, '2001-12-21', '2002-01-29', '2002-01-11'),
(230, 123, 19, '2007-09-29', '2007-11-03', '2007-10-27'),
(231, 403, 37, '2013-01-17', '2013-03-04', '2013-01-31'),
(232, 426, 84, '2001-09-06', '2001-09-07', '2001-09-27'),
(233, 179, 139, '2014-08-03', '2014-09-04', '2014-08-31'),
(234, 464, 71, '2008-12-14', '2009-01-01', '2008-12-28'),
(235, 351, 119, '2005-04-16', '2005-05-14', '2005-05-14'),
(236, 287, 118, '2001-12-25', '2002-01-29', '2002-01-15'),
(237, 390, 216, '2002-07-04', '2002-07-11', '2002-08-01'),
(238, 379, 110, '2004-09-08', '2004-10-28', '2004-09-22'),
(239, 200, 22, '2012-08-25', '2012-08-26', '2012-09-08'),
(240, 368, 203, '2000-12-14', '2000-12-27', '2000-12-28'),
(241, 360, 191, '2008-12-17', '2009-02-06', '2008-12-24'),
(242, 97, 99, '2001-03-11', '2001-03-28', '2001-04-01'),
(243, 132, 75, '2011-01-01', '2011-01-30', '2011-01-15'),
(244, 326, 69, '2001-11-11', '2001-11-26', '2001-11-18'),
(245, 394, 239, '2013-10-17', '2013-11-05', '2013-10-24'),
(246, 101, 108, '2010-02-17', '2010-03-02', '2010-03-10'),
(247, 206, 160, '2001-11-05', '2001-11-15', '2001-12-03'),
(248, 464, 98, '2005-10-03', '2005-10-11', '2005-10-10'),
(249, 87, 28, '2006-05-17', '2006-06-04', '2006-06-14'),
(250, 92, 232, '2002-10-08', '2002-10-23', '2002-10-15'),
(251, 154, 36, '2001-06-20', '2001-07-16', '2001-07-11'),
(252, 359, 39, '2000-09-12', '2000-11-11', '2000-09-19'),
(253, 356, 166, '2001-12-12', '2001-12-24', '2002-01-02'),
(254, 108, 233, '2014-11-28', '2014-12-12', '2014-12-26'),
(255, 370, 219, '2013-05-06', '2013-05-13', '2013-05-13'),
(256, 180, 162, '2001-09-21', '2001-11-05', '2001-10-19'),
(257, 422, 207, '2000-11-26', '2000-12-06', '2000-12-10'),
(258, 461, 121, '2005-02-20', '2005-03-13', '2005-03-13'),
(259, 194, 71, '2004-05-15', '2004-06-14', '2004-05-29'),
(260, 39, 191, '2014-03-28', '2014-05-24', '2014-04-25'),
(261, 306, 87, '2009-11-13', '2009-12-01', '2009-11-20'),
(262, 158, 62, '2004-10-31', '2004-11-30', '2004-11-21'),
(263, 153, 214, '2006-06-22', '2006-07-19', '2006-07-06'),
(264, 246, 200, '2011-03-24', '2011-03-26', '2011-04-07'),
(265, 64, 165, '2010-08-06', '2010-09-07', '2010-08-13'),
(266, 297, 4, '2002-01-07', '2002-01-21', '2002-01-14'),
(267, 80, 154, '2008-06-10', '2008-07-17', '2008-06-24'),
(268, 27, 188, '2006-05-24', '2006-06-28', '2006-06-07'),
(269, 327, 70, '2014-02-21', '2014-03-15', '2014-02-28'),
(270, 72, 177, '2013-01-18', '2013-01-31', '2013-02-15'),
(271, 29, 192, '2012-03-14', '2012-04-14', '2012-03-28'),
(272, 436, 119, '2005-08-27', '2005-09-14', '2005-09-03'),
(273, 403, 163, '2013-10-21', '2013-11-11', '2013-10-28'),
(274, 371, 224, '2002-05-28', '2002-07-20', '2002-06-04'),
(275, 482, 97, '2013-08-27', '2013-10-11', '2013-09-03'),
(276, 266, 181, '2000-08-14', '2000-08-28', '2000-08-21'),
(277, 19, 164, '2011-07-21', '2011-08-08', '2011-08-04'),
(278, 92, 80, '2001-09-19', '2001-09-25', '2001-10-03'),
(279, 172, 16, '2010-10-22', '2010-11-23', '2010-11-12'),
(280, 409, 155, '2006-04-29', '2006-06-06', '2006-05-06'),
(281, 113, 50, '2008-11-29', '2009-01-15', '2008-12-13'),
(282, 299, 71, '2002-07-05', '2002-08-05', '2002-07-26'),
(283, 213, 188, '2009-01-22', '2009-03-06', '2009-02-12'),
(284, 64, 97, '2000-10-15', '2000-11-09', '2000-10-29'),
(285, 223, 95, '2009-11-25', '2010-01-12', '2009-12-16'),
(286, 399, 151, '2006-03-26', '2006-04-06', '2006-04-02'),
(287, 18, 28, '2004-05-23', '2004-06-28', '2004-06-20'),
(288, 181, 164, '2010-03-05', '2010-03-27', '2010-04-02'),
(289, 414, 228, '2004-10-17', '2004-10-30', '2004-10-31'),
(290, 162, 117, '2011-12-18', '2012-01-25', '2012-01-15'),
(291, 191, 158, '2011-02-10', '2011-02-26', '2011-03-03'),
(292, 215, 188, '2001-06-18', '2001-07-25', '2001-07-16'),
(293, 288, 30, '2000-12-30', '2001-01-10', '2001-01-20'),
(294, 482, 120, '2004-10-06', '2004-10-30', '2004-10-13'),
(295, 250, 171, '2012-06-07', '2012-08-04', '2012-06-21'),
(296, 146, 61, '2002-01-22', '2002-03-04', '2002-01-29'),
(297, 260, 103, '2001-11-13', '2001-12-26', '2001-11-27'),
(298, 302, 231, '2008-10-14', '2008-10-14', '2008-10-28'),
(299, 88, 18, '2010-02-06', '2010-03-07', '2010-02-13'),
(300, 282, 82, '2005-09-13', '2005-11-02', '2005-10-04'),
(301, 157, 113, '2007-12-19', '2008-01-13', '2008-01-09'),
(302, 389, 182, '2010-01-26', '2010-03-15', '2010-02-16'),
(303, 369, 213, '2014-12-19', '2015-01-10', '2015-01-02'),
(304, 85, 172, '2013-03-10', '2013-04-09', '2013-03-31'),
(305, 144, 40, '2006-09-09', '2006-10-23', '2006-09-23'),
(306, 51, 206, '2014-06-23', '2014-07-02', '2014-07-07'),
(307, 363, 67, '2012-08-05', '2012-10-04', '2012-08-19'),
(308, 134, 55, '2003-09-05', '2003-10-19', '2003-09-12'),
(309, 143, 202, '2000-03-31', '2000-05-05', '2000-04-28'),
(310, 174, 172, '2015-04-01', '2015-04-16', '2015-04-08'),
(311, 332, 5, '2011-04-11', '2011-05-30', '2011-05-02'),
(312, 227, 150, '2012-04-25', '2012-06-16', '2012-05-02'),
(313, 484, 211, '2005-03-10', '2005-04-18', '2005-03-24'),
(314, 320, 164, '2009-07-14', '2009-08-16', '2009-07-21'),
(315, 26, 168, '2010-02-12', '2010-03-21', '2010-03-12'),
(316, 87, 80, '2004-06-29', '2004-08-05', '2004-07-13'),
(317, 447, 73, '2007-05-05', '2007-05-25', '2007-05-26'),
(318, 305, 158, '2010-02-21', '2010-03-16', '2010-02-28'),
(319, 408, 130, '2009-06-27', '2009-07-16', '2009-07-25'),
(320, 486, 236, '2009-01-18', '2009-02-12', '2009-01-25'),
(321, 211, 26, '2003-05-20', '2003-06-26', '2003-06-17'),
(322, 360, 1, '2013-03-12', '2013-04-30', '2013-04-09'),
(323, 272, 79, '2009-07-25', '2009-07-31', '2009-08-22'),
(324, 305, 1, '2010-04-28', '2010-05-01', '2010-05-26'),
(325, 468, 106, '2013-01-16', '2013-02-01', '2013-02-06'),
(326, 336, 129, '2011-10-07', '2011-10-13', '2011-10-14'),
(327, 149, 207, '2002-02-09', '2002-02-09', '2002-03-09'),
(328, 433, 218, '2010-07-05', '2010-09-02', '2010-07-26'),
(329, 449, 127, '2009-08-20', '2009-08-27', '2009-09-17'),
(330, 57, 233, '2009-01-17', '2009-01-17', '2009-02-07'),
(331, 224, 145, '2012-06-15', '2012-06-21', '2012-06-29'),
(332, 242, 223, '2012-01-05', '2012-01-14', '2012-02-02'),
(333, 234, 24, '2003-12-18', '2003-12-19', '2004-01-08'),
(334, 33, 237, '2002-08-02', '2002-08-06', '2002-08-09'),
(335, 213, 185, '2004-03-25', '2004-04-07', '2004-04-15'),
(336, 222, 203, '2004-08-30', '2004-09-17', '2004-09-13'),
(337, 365, 30, '2013-11-23', '2014-01-10', '2013-12-14'),
(338, 478, 179, '2010-10-19', '2010-11-17', '2010-11-09'),
(339, 396, 236, '2011-01-08', '2011-01-28', '2011-01-29'),
(340, 40, 104, '2004-04-06', '2004-04-22', '2004-04-13'),
(341, 290, 57, '2008-02-08', '2008-04-07', '2008-02-22'),
(342, 9, 22, '2013-04-17', '2013-05-30', '2013-04-24'),
(343, 35, 239, '2009-07-14', '2009-09-05', '2009-08-04'),
(344, 46, 177, '2004-06-20', '2004-08-08', '2004-07-04'),
(345, 277, 238, '2009-12-26', '2010-01-19', '2010-01-23'),
(346, 75, 204, '2010-04-22', '2010-04-30', '2010-05-06'),
(348, 482, 171, '2006-02-15', '2006-04-04', '2006-02-22'),
(349, 162, 115, '2001-04-28', '2001-04-29', '2001-05-05'),
(350, 422, 102, '2011-12-22', '2012-02-06', '2012-01-05'),
(351, 423, 142, '2011-05-14', '2011-06-25', '2011-05-21'),
(352, 463, 34, '2005-06-21', '2005-06-27', '2005-07-19'),
(353, 459, 153, '2004-03-08', '2004-03-12', '2004-04-05'),
(354, 321, 18, '2009-05-23', '2009-05-23', '2009-06-06'),
(355, 78, 10, '2009-09-29', '2009-11-15', '2009-10-06'),
(356, 243, 116, '2010-03-05', '2010-04-05', '2010-03-26'),
(357, 431, 147, '2010-10-24', '2010-11-18', '2010-11-07'),
(358, 301, 38, '2006-06-25', '2006-07-26', '2006-07-09'),
(359, 160, 36, '2010-02-11', '2010-02-11', '2010-03-11'),
(360, 88, 237, '2004-10-18', '2004-11-21', '2004-11-15'),
(361, 175, 235, '2010-11-21', '2010-11-21', '2010-12-05'),
(362, 498, 124, '2013-06-07', '2013-08-04', '2013-06-21'),
(363, 367, 239, '2001-01-15', '2001-03-02', '2001-01-29'),
(364, 494, 220, '2010-11-10', '2010-11-15', '2010-12-08'),
(365, 355, 170, '2007-02-16', '2007-03-24', '2007-03-16'),
(366, 464, 172, '2009-12-11', '2010-02-01', '2009-12-18'),
(367, 183, 135, '2001-02-24', '2001-03-18', '2001-03-24'),
(368, 387, 62, '2007-03-18', '2007-03-26', '2007-04-08'),
(369, 113, 72, '2010-06-25', '2010-07-10', '2010-07-16'),
(370, 357, 160, '2003-05-13', '2003-06-15', '2003-06-10'),
(371, 267, 111, '2009-06-26', '2009-08-12', '2009-07-10'),
(372, 202, 166, '2013-06-25', '2013-07-07', '2013-07-02'),
(373, 474, 241, '2008-11-27', '2009-01-03', '2008-12-11'),
(374, 408, 75, '2006-10-31', '2006-11-15', '2006-11-28'),
(375, 338, 116, '2002-05-22', '2002-05-23', '2002-05-29'),
(376, 167, 238, '2007-08-25', '2007-09-15', '2007-09-01'),
(377, 70, 161, '2002-09-29', '2002-10-23', '2002-10-13'),
(378, 155, 200, '2006-07-01', '2006-08-26', '2006-07-29'),
(379, 215, 156, '2004-08-02', '2004-08-11', '2004-08-23'),
(380, 449, 39, '2013-06-02', '2013-07-21', '2013-06-16'),
(381, 159, 171, '2002-01-20', '2002-01-23', '2002-02-03'),
(382, 193, 113, '2006-02-10', '2006-02-28', '2006-03-10'),
(383, 185, 59, '2008-01-25', '2008-03-04', '2008-02-22'),
(384, 493, 69, '2006-08-18', '2006-09-11', '2006-09-15'),
(385, 25, 36, '2011-03-24', '2011-05-03', '2011-03-31'),
(386, 9, 5, '2003-09-17', '2003-10-29', '2003-10-01'),
(387, 184, 53, '2010-03-07', '2010-04-29', '2010-04-04'),
(388, 80, 1, '2014-11-16', '2014-12-12', '2014-12-07'),
(389, 181, 177, '2002-09-02', '2002-10-31', '2002-09-09'),
(390, 157, 125, '2004-01-15', '2004-02-25', '2004-02-05'),
(391, 253, 100, '2014-08-28', '2014-10-08', '2014-09-11'),
(392, 379, 217, '2004-09-13', '2004-11-12', '2004-09-20'),
(393, 263, 90, '2010-03-29', '2010-04-14', '2010-04-05'),
(394, 10, 236, '2003-03-04', '2003-03-09', '2003-04-01'),
(395, 79, 16, '2012-06-19', '2012-07-25', '2012-07-17'),
(396, 450, 183, '2010-09-19', '2010-09-21', '2010-10-17'),
(397, 426, 194, '2008-01-18', '2008-03-13', '2008-01-25'),
(398, 448, 232, '2004-02-13', '2004-03-02', '2004-03-05'),
(399, 40, 158, '2011-03-10', '2011-04-26', '2011-04-07'),
(400, 6, 189, '2002-06-28', '2002-07-12', '2002-07-26'),
(401, 11, 61, '2011-07-28', '2011-09-23', '2011-08-11'),
(402, 142, 174, '2008-03-15', '2008-03-28', '2008-04-12'),
(403, 155, 93, '2006-09-07', '2006-09-25', '2006-09-14'),
(404, 246, 113, '2007-01-29', '2007-02-18', '2007-02-05'),
(405, 79, 19, '2014-09-28', '2014-10-14', '2014-10-19'),
(406, 435, 241, '2014-08-19', '2014-08-22', '2014-09-16'),
(407, 18, 24, '2005-06-25', '2005-08-18', '2005-07-09'),
(408, 186, 44, '2004-11-16', '2004-11-28', '2004-11-23'),
(409, 372, 47, '2014-08-26', '2014-09-19', '2014-09-02'),
(410, 466, 213, '2003-11-01', '2003-11-08', '2003-11-22'),
(411, 251, 182, '2010-08-20', '2010-10-15', '2010-08-27'),
(412, 419, 102, '2012-02-28', '2012-04-20', '2012-03-20'),
(413, 456, 215, '2015-04-21', '2015-06-03', '2015-04-28'),
(414, 421, 167, '2005-04-19', '2005-05-06', '2005-05-03'),
(415, 424, 57, '2004-01-02', '2004-02-23', '2004-01-09'),
(416, 244, 107, '2003-12-29', '2004-01-05', '2004-01-12'),
(417, 420, 231, '2015-01-07', '2015-02-08', '2015-02-04'),
(418, 356, 145, '2002-06-02', '2002-06-19', '2002-06-16'),
(419, 265, 36, '2006-04-06', '2006-04-21', '2006-04-27'),
(420, 38, 166, '2007-03-07', '2007-04-22', '2007-03-21'),
(421, 440, 147, '2011-08-29', '2011-09-22', '2011-09-12'),
(422, 367, 201, '2007-02-01', '2007-02-02', '2007-03-01'),
(423, 67, 115, '2011-10-24', '2011-12-16', '2011-11-21'),
(424, 431, 169, '2014-10-07', '2014-10-11', '2014-10-28'),
(425, 476, 121, '2001-02-19', '2001-04-05', '2001-03-19'),
(426, 327, 35, '2012-02-23', '2012-02-24', '2012-03-01'),
(427, 386, 13, '2001-08-04', '2001-09-01', '2001-08-25'),
(428, 57, 79, '2014-12-16', '2015-02-09', '2015-01-06'),
(429, 139, 48, '2002-05-09', '2002-07-07', '2002-05-30'),
(430, 61, 233, '2013-07-28', '2013-08-03', '2013-08-18'),
(431, 495, 136, '2014-10-19', '2014-11-09', '2014-10-26'),
(432, 240, 40, '2014-12-17', '2015-01-09', '2014-12-24'),
(433, 386, 203, '2003-08-08', '2003-08-29', '2003-08-15'),
(434, 235, 233, '2010-03-04', '2010-04-10', '2010-03-25'),
(435, 359, 222, '2005-07-01', '2005-08-19', '2005-07-08'),
(436, 52, 75, '2011-01-04', '2011-01-11', '2011-01-18'),
(437, 65, 238, '2011-02-03', '2011-03-01', '2011-02-10'),
(438, 51, 172, '2009-08-28', '2009-09-19', '2009-09-25'),
(439, 124, 213, '2005-11-18', '2005-11-21', '2005-12-02'),
(440, 26, 82, '2008-06-06', '2008-07-08', '2008-06-20'),
(441, 330, 197, '2010-09-10', '2010-10-08', '2010-10-01'),
(442, 300, 204, '2005-04-05', '2005-04-21', '2005-05-03'),
(443, 342, 79, '2012-03-05', '2012-03-21', '2012-03-26'),
(444, 178, 23, '2003-01-28', '2003-02-01', '2003-02-11'),
(445, 255, 31, '2006-08-25', '2006-09-18', '2006-09-01'),
(446, 326, 165, '2006-01-10', '2006-01-21', '2006-01-31'),
(447, 352, 98, '2003-02-09', '2003-04-05', '2003-03-02'),
(448, 121, 211, '2000-09-25', '2000-10-08', '2000-10-16'),
(449, 4, 57, '2007-06-07', '2007-07-05', '2007-06-21'),
(450, 379, 2, '2012-05-26', '2012-06-26', '2012-06-23'),
(451, 313, 71, '2003-12-30', '2004-01-06', '2004-01-27'),
(452, 286, 197, '2004-12-03', '2004-12-27', '2004-12-17'),
(453, 258, 43, '2011-12-12', '2012-01-27', '2012-01-09'),
(454, 20, 20, '2000-09-18', '2000-11-07', '2000-10-16'),
(455, 117, 236, '2005-06-06', '2005-06-23', '2005-07-04'),
(456, 17, 178, '2011-10-20', '2011-12-04', '2011-11-03'),
(457, 97, 121, '2008-08-01', '2008-09-06', '2008-08-15'),
(458, 460, 44, '2005-07-22', '2005-07-28', '2005-08-12'),
(459, 392, 240, '2008-09-03', '2008-10-17', '2008-10-01'),
(460, 302, 100, '2011-11-18', '2011-12-26', '2011-11-25'),
(461, 192, 164, '2012-09-06', '2012-09-29', '2012-09-27'),
(462, 410, 50, '2005-09-23', '2005-10-17', '2005-10-14'),
(463, 206, 145, '2001-05-30', '2001-05-31', '2001-06-06'),
(464, 3, 20, '2009-10-02', '2009-10-31', '2009-10-30'),
(465, 94, 18, '2000-07-28', '2000-08-05', '2000-08-25'),
(466, 170, 206, '2010-04-07', '2010-05-26', '2010-04-14'),
(467, 40, 235, '2013-12-28', '2013-12-29', '2014-01-11'),
(468, 40, 120, '2003-03-27', '2003-04-21', '2003-04-10'),
(469, 378, 190, '2009-05-25', '2009-05-30', '2009-06-08'),
(470, 15, 148, '2001-09-05', '2001-10-15', '2001-09-12'),
(471, 40, 7, '2002-05-02', '2002-06-08', '2002-05-30'),
(472, 346, 18, '2004-01-28', '2004-03-21', '2004-02-18'),
(473, 487, 47, '2007-05-30', '2007-07-05', '2007-06-20'),
(474, 164, 76, '2013-08-29', '2013-09-08', '2013-09-05'),
(475, 62, 234, '2008-02-23', '2008-03-21', '2008-03-01'),
(476, 264, 79, '2005-10-17', '2005-10-27', '2005-11-07'),
(477, 15, 35, '2011-07-14', '2011-09-06', '2011-08-11'),
(478, 200, 10, '2005-02-26', '2005-03-28', '2005-03-26'),
(479, 31, 210, '2002-08-24', '2002-10-18', '2002-08-31'),
(480, 260, 88, '2007-04-10', '2007-05-21', '2007-05-08'),
(481, 349, 238, '2006-02-16', '2006-02-25', '2006-03-16'),
(482, 208, 138, '2004-10-21', '2004-12-01', '2004-10-28'),
(483, 118, 167, '2010-11-02', '2010-11-13', '2010-11-30'),
(484, 187, 190, '2011-08-04', '2011-08-28', '2011-08-18'),
(485, 415, 136, '2013-08-10', '2013-09-29', '2013-09-07'),
(486, 472, 162, '2002-07-19', '2002-09-09', '2002-08-09'),
(487, 258, 28, '2007-10-12', '2007-10-19', '2007-11-09'),
(488, 450, 161, '2006-06-21', '2006-07-30', '2006-06-28'),
(489, 203, 15, '2003-11-11', '2004-01-02', '2003-11-25'),
(490, 316, 76, '2008-08-22', '2008-09-27', '2008-09-12'),
(491, 62, 158, '2005-02-16', '2005-03-02', '2005-03-09'),
(492, 488, 121, '2001-01-05', '2001-01-07', '2001-01-26'),
(493, 217, 129, '2003-01-04', '2003-01-24', '2003-02-01'),
(494, 355, 51, '2014-04-04', '2014-04-28', '2014-04-11'),
(495, 86, 123, '2005-12-10', '2006-01-27', '2006-01-07'),
(496, 279, 141, '2015-03-29', '2015-05-27', '2015-04-26'),
(497, 228, 151, '2003-02-17', '2003-03-13', '2003-02-24'),
(498, 185, 110, '2010-03-19', '2010-03-28', '2010-04-16'),
(499, 62, 130, '2007-03-09', '2007-03-23', '2007-03-30'),
(500, 333, 70, '2004-06-19', '2004-08-12', '2004-07-10'),
(501, 268, 185, '2008-01-06', '2008-01-24', '2008-01-27'),
(502, 334, 169, '2005-02-16', '2005-04-09', '2005-03-16'),
(503, 323, 120, '2004-08-11', '2004-10-04', '2004-08-18'),
(504, 79, 145, '2012-09-04', '2012-09-08', '2012-09-11'),
(506, 293, 91, '2013-09-11', '2013-09-14', '2013-10-02'),
(507, 208, 145, '2001-07-09', '2001-08-23', '2001-07-16'),
(508, 336, 150, '2000-04-08', '2000-04-17', '2000-04-15'),
(509, 146, 97, '2002-10-22', '2002-11-01', '2002-10-29'),
(510, 424, 129, '2003-11-21', '2004-01-15', '2003-12-05'),
(511, 234, 2, '2008-06-13', '2008-06-29', '2008-06-20'),
(512, 321, 159, '2005-06-25', '2005-07-11', '2005-07-16'),
(513, 168, 88, '2014-07-14', '2014-07-14', '2014-08-11'),
(514, 448, 176, '2005-10-03', '2005-11-18', '2005-10-17'),
(515, 366, 152, '2002-06-13', '2002-07-07', '2002-07-04'),
(516, 285, 4, '2014-02-27', '2014-03-22', '2014-03-20'),
(517, 138, 71, '2013-08-11', '2013-08-17', '2013-09-01'),
(519, 497, 74, '2010-07-24', '2010-08-06', '2010-07-31'),
(520, 497, 66, '2011-11-17', '2011-12-19', '2011-12-15'),
(521, 82, 241, '2001-09-13', '2001-09-30', '2001-10-04'),
(522, 82, 1, '2006-09-18', '2006-10-13', '2006-10-02'),
(523, 124, 40, '2003-09-15', '2003-09-22', '2003-09-29'),
(524, 431, 110, '2008-02-29', '2008-04-18', '2008-03-28'),
(525, 353, 137, '2000-02-10', '2000-03-14', '2000-02-24'),
(526, 377, 229, '2000-08-03', '2000-09-30', '2000-08-31'),
(527, 98, 70, '2000-01-19', '2000-02-28', '2000-02-02'),
(528, 450, 26, '2001-07-26', '2001-09-17', '2001-08-16'),
(529, 176, 116, '2013-11-28', '2014-01-16', '2013-12-05'),
(530, 344, 184, '2011-10-22', '2011-10-30', '2011-11-12'),
(531, 44, 42, '2009-11-13', '2009-11-21', '2009-11-20'),
(532, 274, 99, '2014-01-24', '2014-02-11', '2014-02-14'),
(533, 146, 69, '2010-11-20', '2010-12-30', '2010-12-11'),
(534, 219, 4, '2001-08-18', '2001-09-28', '2001-09-15'),
(535, 486, 152, '2013-04-16', '2013-05-25', '2013-05-14'),
(536, 452, 237, '2009-12-01', '2010-01-30', '2009-12-15'),
(537, 221, 80, '2005-07-18', '2005-09-03', '2005-08-01'),
(538, 276, 114, '2000-12-25', '2001-01-15', '2001-01-01'),
(539, 434, 145, '2007-09-29', '2007-10-31', '2007-10-13'),
(540, 408, 174, '2013-08-21', '2013-08-29', '2013-09-04'),
(541, 405, 56, '2005-12-04', '2005-12-10', '2006-01-01'),
(542, 175, 53, '2012-03-18', '2012-04-26', '2012-04-15'),
(543, 467, 236, '2014-12-07', '2014-12-24', '2014-12-28'),
(544, 57, 185, '2014-02-09', '2014-02-21', '2014-02-16'),
(545, 416, 153, '2009-12-20', '2009-12-30', '2010-01-10'),
(546, 495, 85, '2011-02-02', '2011-02-07', '2011-02-09'),
(547, 309, 85, '2008-02-24', '2008-04-17', '2008-03-09'),
(549, 136, 206, '2008-07-27', '2008-08-03', '2008-08-10'),
(550, 185, 15, '2003-02-26', '2003-04-17', '2003-03-26'),
(551, 186, 34, '2004-08-20', '2004-08-26', '2004-08-27'),
(552, 254, 112, '2013-12-29', '2014-01-25', '2014-01-26'),
(553, 411, 217, '2004-12-31', '2005-02-18', '2005-01-07'),
(554, 341, 43, '2010-06-13', '2010-06-15', '2010-07-04'),
(555, 377, 58, '2012-03-21', '2012-04-22', '2012-04-11'),
(556, 61, 64, '2010-10-28', '2010-11-17', '2010-11-18'),
(557, 6, 47, '2012-12-05', '2013-01-30', '2012-12-12'),
(558, 223, 72, '2013-07-12', '2013-08-16', '2013-08-02'),
(559, 329, 210, '2009-01-05', '2009-01-05', '2009-01-19'),
(560, 399, 2, '2014-03-18', '2014-03-31', '2014-04-01'),
(561, 361, 145, '2011-02-27', '2011-03-22', '2011-03-20'),
(562, 24, 147, '2009-08-22', '2009-09-10', '2009-09-19'),
(563, 442, 172, '2014-05-14', '2014-06-05', '2014-06-11'),
(564, 279, 200, '2012-02-20', '2012-03-27', '2012-03-19'),
(565, 495, 111, '2009-09-05', '2009-11-02', '2009-09-19'),
(566, 249, 75, '2005-01-04', '2005-01-20', '2005-01-25'),
(567, 259, 144, '2012-02-14', '2012-04-10', '2012-03-13'),
(568, 326, 72, '2001-01-24', '2001-03-04', '2001-02-21'),
(569, 88, 199, '2013-02-05', '2013-03-20', '2013-02-12'),
(570, 366, 230, '2013-05-04', '2013-05-31', '2013-05-11'),
(571, 489, 239, '2002-06-21', '2002-06-29', '2002-06-28'),
(572, 259, 161, '2009-11-30', '2010-01-20', '2009-12-14'),
(573, 30, 16, '2013-06-20', '2013-07-26', '2013-06-27'),
(574, 301, 93, '2013-02-26', '2013-04-15', '2013-03-12'),
(576, 148, 198, '2006-02-25', '2006-04-04', '2006-03-25'),
(577, 180, 33, '2005-11-29', '2005-12-14', '2005-12-13'),
(578, 209, 227, '2008-11-29', '2008-12-20', '2008-12-06'),
(579, 325, 82, '2013-06-03', '2013-06-06', '2013-06-24'),
(580, 402, 99, '2002-07-19', '2002-07-23', '2002-08-09'),
(581, 352, 110, '2006-10-09', '2006-12-07', '2006-10-16'),
(582, 308, 71, '2011-09-23', '2011-10-08', '2011-10-21'),
(583, 94, 46, '2011-10-19', '2011-11-29', '2011-11-02'),
(584, 296, 123, '2011-06-13', '2011-06-26', '2011-07-04'),
(585, 269, 239, '2000-03-23', '2000-04-15', '2000-04-06'),
(586, 18, 74, '2009-02-11', '2009-03-27', '2009-03-04'),
(587, 448, 113, '2015-03-23', '2015-04-13', '2015-04-06'),
(588, 137, 43, '2003-01-10', '2003-03-07', '2003-01-24'),
(590, 483, 147, '2001-12-25', '2002-01-14', '2002-01-22'),
(591, 359, 10, '2004-03-24', '2004-05-15', '2004-03-31'),
(592, 304, 221, '2014-12-12', '2014-12-29', '2015-01-02'),
(593, 229, 30, '2003-03-31', '2003-05-16', '2003-04-21'),
(594, 272, 233, '2014-10-09', '2014-10-13', '2014-10-16'),
(595, 80, 216, '2010-02-04', '2010-02-24', '2010-02-18'),
(596, 167, 137, '2005-01-12', '2005-02-19', '2005-02-09'),
(597, 334, 141, '2006-07-01', '2006-07-21', '2006-07-08'),
(598, 391, 122, '2011-03-14', '2011-03-18', '2011-03-21'),
(599, 425, 123, '2012-12-26', '2013-02-23', '2013-01-09'),
(600, 175, 73, '2014-01-26', '2014-02-04', '2014-02-02'),
(601, 451, 40, '2007-03-22', '2007-04-21', '2007-04-12'),
(602, 9, 174, '2004-09-19', '2004-09-23', '2004-10-03'),
(603, 109, 187, '2015-06-09', '2015-06-28', '2015-06-23'),
(604, 331, 221, '2012-01-28', '2012-02-27', '2012-02-25'),
(605, 276, 2, '2005-12-07', '2006-01-13', '2005-12-21'),
(606, 107, 117, '2003-02-14', '2003-03-18', '2003-02-28'),
(607, 404, 206, '2009-09-04', '2009-09-19', '2009-09-11'),
(608, 35, 155, '2001-06-05', '2001-07-26', '2001-07-03'),
(609, 423, 116, '2008-04-11', '2008-05-24', '2008-04-25'),
(610, 196, 63, '2014-06-21', '2014-06-29', '2014-06-28'),
(611, 124, 127, '2010-05-03', '2010-05-08', '2010-05-31'),
(612, 76, 41, '2002-12-19', '2003-01-09', '2002-12-26'),
(613, 463, 241, '2012-06-18', '2012-08-12', '2012-07-02'),
(614, 296, 143, '2011-09-27', '2011-09-29', '2011-10-04'),
(615, 452, 171, '2006-01-13', '2006-02-22', '2006-02-10'),
(616, 457, 163, '2011-09-13', '2011-10-25', '2011-09-27'),
(617, 195, 20, '2006-09-19', '2006-09-21', '2006-10-10'),
(618, 247, 162, '2007-06-30', '2007-08-19', '2007-07-07'),
(619, 148, 27, '2007-03-15', '2007-03-19', '2007-04-05'),
(620, 265, 95, '2011-09-15', '2011-10-14', '2011-09-29'),
(621, 49, 25, '2010-12-11', '2010-12-27', '2011-01-08'),
(622, 367, 180, '2005-02-14', '2005-02-18', '2005-02-21'),
(623, 415, 119, '2001-09-02', '2001-10-01', '2001-09-30'),
(624, 299, 143, '2006-10-13', '2006-11-08', '2006-11-03'),
(625, 482, 207, '2005-12-29', '2006-01-10', '2006-01-05'),
(626, 269, 114, '2006-04-01', '2006-05-14', '2006-04-08'),
(627, 375, 197, '2005-09-15', '2005-10-24', '2005-10-06'),
(628, 3, 129, '2006-07-13', '2006-08-15', '2006-08-10'),
(629, 240, 183, '2001-12-29', '2002-01-21', '2002-01-12'),
(630, 328, 58, '2005-09-08', '2005-09-09', '2005-09-29'),
(631, 139, 2, '2012-03-27', '2012-04-28', '2012-04-03'),
(632, 288, 54, '2003-02-12', '2003-04-03', '2003-02-26'),
(633, 178, 53, '2010-12-11', '2011-02-09', '2011-01-08'),
(634, 109, 50, '2002-09-10', '2002-09-14', '2002-09-17'),
(635, 37, 50, '2003-04-03', '2003-04-22', '2003-05-01'),
(636, 49, 109, '2005-01-30', '2005-03-23', '2005-02-13'),
(637, 397, 190, '2009-11-25', '2009-12-01', '2009-12-09'),
(638, 247, 101, '2011-08-14', '2011-09-28', '2011-08-28'),
(639, 127, 194, '2012-09-25', '2012-10-23', '2012-10-23'),
(640, 280, 29, '2014-03-12', '2014-04-02', '2014-04-09'),
(641, 289, 78, '2004-11-04', '2004-12-14', '2004-11-11'),
(642, 26, 14, '2006-04-24', '2006-05-27', '2006-05-22'),
(643, 141, 81, '2000-03-06', '2000-04-12', '2000-03-13'),
(644, 409, 98, '2001-03-27', '2001-04-11', '2001-04-17'),
(645, 137, 72, '2015-03-19', '2015-04-25', '2015-04-09'),
(646, 380, 182, '2013-10-09', '2013-11-01', '2013-10-23'),
(647, 300, 96, '2014-07-28', '2014-09-24', '2014-08-11'),
(648, 67, 229, '2001-02-15', '2001-02-28', '2001-03-01'),
(649, 436, 124, '2013-12-13', '2014-01-30', '2013-12-20'),
(650, 123, 123, '2013-02-23', '2013-04-03', '2013-03-23'),
(651, 111, 58, '2003-02-18', '2003-02-18', '2003-03-04'),
(652, 91, 171, '2003-11-07', '2003-12-23', '2003-11-28'),
(653, 106, 112, '2000-03-06', '2000-03-23', '2000-04-03'),
(654, 152, 49, '2011-02-11', '2011-04-01', '2011-02-18'),
(655, 160, 3, '2000-10-20', '2000-11-10', '2000-10-27'),
(656, 155, 181, '2012-05-29', '2012-06-13', '2012-06-26'),
(657, 360, 193, '2010-08-15', '2010-09-25', '2010-09-05'),
(658, 4, 183, '2002-01-29', '2002-03-16', '2002-02-12'),
(659, 83, 84, '2014-08-24', '2014-10-08', '2014-09-14'),
(660, 484, 18, '2005-04-05', '2005-04-15', '2005-04-26'),
(661, 260, 195, '2002-12-20', '2003-01-03', '2003-01-03'),
(662, 288, 172, '2007-03-27', '2007-04-18', '2007-04-03'),
(663, 389, 158, '2001-09-17', '2001-10-10', '2001-10-01'),
(664, 463, 26, '2009-06-01', '2009-07-06', '2009-06-22'),
(665, 20, 53, '2005-09-21', '2005-11-18', '2005-09-28'),
(666, 260, 235, '2000-01-20', '2000-01-20', '2000-02-17'),
(667, 10, 201, '2002-05-10', '2002-06-18', '2002-05-17'),
(668, 280, 58, '2000-01-03', '2000-01-31', '2000-01-17'),
(669, 250, 224, '2008-01-20', '2008-03-19', '2008-02-03'),
(670, 96, 213, '2012-11-09', '2012-12-09', '2012-11-16'),
(671, 38, 200, '2009-11-21', '2009-12-10', '2009-12-05'),
(673, 277, 218, '2009-09-03', '2009-09-26', '2009-09-24'),
(674, 157, 231, '2005-06-04', '2005-08-02', '2005-07-02'),
(675, 256, 99, '2014-01-18', '2014-02-13', '2014-01-25'),
(676, 390, 116, '2010-02-11', '2010-03-02', '2010-03-11'),
(677, 83, 198, '2014-09-19', '2014-09-20', '2014-10-10'),
(678, 95, 126, '2012-01-28', '2012-02-03', '2012-02-11'),
(679, 203, 175, '2002-06-01', '2002-07-05', '2002-06-22'),
(680, 333, 135, '2005-09-01', '2005-10-25', '2005-09-08'),
(681, 265, 172, '2012-06-20', '2012-06-27', '2012-07-11'),
(682, 344, 66, '2007-10-05', '2007-10-20', '2007-10-19'),
(683, 413, 27, '2004-12-13', '2005-01-26', '2005-01-03'),
(684, 397, 209, '2005-09-27', '2005-11-23', '2005-10-11'),
(685, 487, 141, '2012-09-21', '2012-10-26', '2012-10-19'),
(686, 361, 16, '2012-03-05', '2012-04-02', '2012-04-02'),
(687, 334, 154, '2003-09-06', '2003-10-05', '2003-09-13'),
(688, 157, 59, '2004-04-23', '2004-04-27', '2004-04-30'),
(689, 196, 115, '2013-11-30', '2013-12-04', '2013-12-07'),
(690, 130, 194, '2002-08-25', '2002-08-26', '2002-09-08'),
(691, 444, 212, '2015-02-05', '2015-02-28', '2015-03-05'),
(692, 385, 236, '2013-07-11', '2013-08-04', '2013-07-25'),
(693, 238, 65, '2000-04-17', '2000-04-30', '2000-05-08'),
(694, 311, 121, '2011-09-29', '2011-09-29', '2011-10-06'),
(695, 25, 139, '2005-04-28', '2005-04-30', '2005-05-05'),
(696, 400, 125, '2001-09-08', '2001-10-30', '2001-09-29'),
(697, 379, 216, '2008-04-21', '2008-06-11', '2008-04-28'),
(698, 352, 237, '2014-07-24', '2014-08-28', '2014-07-31'),
(699, 112, 237, '2012-03-26', '2012-05-24', '2012-04-02'),
(700, 64, 74, '2008-01-11', '2008-02-23', '2008-01-25'),
(701, 421, 60, '2007-10-25', '2007-12-22', '2007-11-01'),
(702, 218, 2, '2008-03-25', '2008-05-18', '2008-04-22'),
(703, 61, 115, '2008-07-09', '2008-09-04', '2008-07-16'),
(704, 274, 97, '2012-12-31', '2013-02-06', '2013-01-07'),
(705, 14, 180, '2004-05-18', '2004-07-08', '2004-06-01'),
(706, 35, 187, '2014-06-27', '2014-08-25', '2014-07-04'),
(707, 67, 215, '2005-01-05', '2005-01-19', '2005-01-19'),
(708, 371, 142, '2000-12-08', '2001-01-30', '2001-01-05'),
(709, 369, 119, '2013-09-25', '2013-11-07', '2013-10-16'),
(710, 452, 35, '2007-07-17', '2007-08-16', '2007-07-24'),
(711, 432, 38, '2012-07-21', '2012-08-12', '2012-08-11'),
(712, 327, 27, '2006-11-08', '2006-11-17', '2006-11-22'),
(713, 375, 148, '2000-07-11', '2000-07-16', '2000-08-08'),
(714, 182, 170, '2003-12-17', '2003-12-25', '2004-01-14'),
(715, 40, 90, '2010-06-20', '2010-07-25', '2010-06-27'),
(716, 443, 142, '2009-12-05', '2010-01-13', '2009-12-12'),
(717, 275, 4, '2006-07-06', '2006-07-27', '2006-07-13'),
(718, 234, 68, '2009-01-17', '2009-02-26', '2009-01-31'),
(719, 12, 152, '2003-07-11', '2003-08-25', '2003-07-18'),
(720, 295, 78, '2015-03-17', '2015-04-11', '2015-04-14'),
(721, 326, 42, '2011-10-24', '2011-10-27', '2011-10-31'),
(722, 444, 228, '2003-02-01', '2003-02-04', '2003-02-08'),
(723, 272, 127, '2001-03-18', '2001-03-21', '2001-04-01'),
(724, 367, 7, '2005-11-16', '2005-11-23', '2005-11-23'),
(725, 450, 67, '2003-04-28', '2003-05-24', '2003-05-12'),
(726, 196, 102, '2009-02-12', '2009-04-13', '2009-02-19'),
(727, 365, 56, '2008-05-03', '2008-06-15', '2008-05-31'),
(728, 355, 136, '2013-05-20', '2013-05-29', '2013-06-10'),
(729, 241, 208, '2001-10-03', '2001-10-19', '2001-10-10'),
(730, 481, 194, '2005-11-29', '2006-01-15', '2005-12-27'),
(731, 110, 103, '2012-03-14', '2012-04-22', '2012-04-04'),
(732, 190, 160, '2014-12-15', '2015-01-10', '2015-01-05'),
(733, 126, 182, '2010-07-11', '2010-08-11', '2010-08-01'),
(734, 6, 215, '2011-07-10', '2011-08-08', '2011-07-17'),
(735, 435, 7, '2012-09-20', '2012-10-22', '2012-10-18'),
(736, 193, 239, '2013-04-04', '2013-05-19', '2013-05-02'),
(737, 90, 187, '2005-12-20', '2005-12-21', '2006-01-03'),
(738, 351, 196, '2000-05-11', '2000-06-18', '2000-06-08'),
(739, 336, 171, '2009-02-16', '2009-03-28', '2009-03-16'),
(740, 224, 188, '2004-05-24', '2004-06-17', '2004-05-31'),
(741, 364, 212, '2003-01-18', '2003-01-30', '2003-01-25'),
(742, 289, 170, '2013-01-06', '2013-02-08', '2013-02-03'),
(743, 342, 14, '2010-07-23', '2010-07-30', '2010-07-30'),
(744, 190, 225, '2015-06-03', '2015-06-03', '2015-06-17'),
(745, 305, 160, '2010-05-25', '2010-07-17', '2010-06-15'),
(747, 286, 226, '2014-09-24', '2014-10-01', '2014-10-22'),
(748, 280, 144, '2000-06-08', '2000-08-04', '2000-06-22'),
(749, 339, 71, '2009-01-30', '2009-03-17', '2009-02-20'),
(750, 37, 199, '2010-05-11', '2010-06-14', '2010-05-25'),
(751, 318, 22, '2001-03-04', '2001-03-09', '2001-03-18'),
(752, 106, 196, '2013-05-26', '2013-06-13', '2013-06-09'),
(753, 123, 205, '2000-10-06', '2000-11-12', '2000-10-13'),
(754, 436, 223, '2012-08-27', '2012-09-20', '2012-09-10'),
(755, 489, 201, '2001-08-03', '2001-08-31', '2001-08-24'),
(756, 247, 198, '2008-04-06', '2008-04-23', '2008-05-04'),
(757, 229, 18, '2015-03-05', '2015-04-06', '2015-03-26'),
(758, 134, 106, '2004-02-08', '2004-04-03', '2004-02-22'),
(759, 149, 53, '2010-08-27', '2010-09-30', '2010-09-17'),
(760, 70, 50, '2002-05-25', '2002-06-27', '2002-06-22'),
(761, 384, 176, '2009-09-04', '2009-09-16', '2009-10-02'),
(762, 105, 223, '2009-09-21', '2009-10-25', '2009-10-19'),
(763, 95, 217, '2006-06-21', '2006-08-20', '2006-07-12'),
(764, 298, 168, '2011-03-05', '2011-04-10', '2011-04-02'),
(765, 347, 44, '2008-01-16', '2008-02-14', '2008-01-30'),
(766, 149, 182, '2005-03-03', '2005-03-08', '2005-03-24'),
(767, 170, 150, '2015-03-14', '2015-04-07', '2015-03-21'),
(768, 306, 17, '2009-06-06', '2009-07-04', '2009-06-20'),
(769, 18, 195, '2009-02-04', '2009-03-13', '2009-02-25'),
(770, 338, 61, '2000-11-05', '2001-01-03', '2000-11-12'),
(771, 412, 33, '2009-04-04', '2009-06-02', '2009-05-02'),
(772, 217, 197, '2014-10-31', '2014-12-24', '2014-11-21'),
(773, 376, 192, '2007-07-10', '2007-08-23', '2007-07-31'),
(774, 265, 140, '2007-06-28', '2007-08-25', '2007-07-12'),
(775, 82, 8, '2011-01-16', '2011-01-28', '2011-02-06'),
(776, 140, 28, '2009-03-17', '2009-05-11', '2009-04-14'),
(777, 178, 25, '2002-02-07', '2002-03-19', '2002-02-28'),
(778, 219, 10, '2003-04-20', '2003-04-21', '2003-05-18'),
(779, 8, 51, '2000-02-21', '2000-02-27', '2000-03-06'),
(780, 378, 95, '2004-03-16', '2004-03-20', '2004-04-13'),
(781, 217, 183, '2009-12-23', '2010-02-19', '2010-01-06'),
(782, 22, 206, '2005-09-26', '2005-10-01', '2005-10-24'),
(783, 120, 39, '2004-02-28', '2004-03-15', '2004-03-20'),
(784, 206, 17, '2012-12-27', '2013-02-10', '2013-01-03'),
(785, 401, 75, '2000-08-07', '2000-08-22', '2000-08-14'),
(786, 180, 23, '2007-06-09', '2007-08-02', '2007-06-16'),
(787, 475, 69, '2004-06-12', '2004-06-22', '2004-07-03'),
(788, 6, 154, '2012-01-13', '2012-02-17', '2012-01-27'),
(789, 185, 67, '2010-04-15', '2010-05-23', '2010-05-06'),
(790, 465, 192, '2012-03-28', '2012-04-13', '2012-04-11'),
(791, 349, 52, '2008-11-09', '2009-01-01', '2008-11-16'),
(792, 113, 89, '2009-01-04', '2009-02-10', '2009-02-01'),
(793, 497, 236, '2012-11-01', '2012-11-08', '2012-11-15'),
(794, 200, 128, '2007-05-08', '2007-06-19', '2007-05-15'),
(795, 106, 34, '2012-12-28', '2013-01-27', '2013-01-04'),
(796, 123, 96, '2003-10-25', '2003-12-12', '2003-11-15'),
(798, 350, 44, '2000-10-23', '2000-12-07', '2000-11-13'),
(800, 284, 8, '2004-11-23', '2004-12-31', '2004-11-30'),
(801, 14, 102, '2008-04-21', '2008-04-23', '2008-05-05'),
(802, 375, 130, '2008-11-04', '2008-12-29', '2008-11-25'),
(803, 264, 23, '2003-05-19', '2003-06-27', '2003-06-09'),
(804, 180, 147, '2009-06-11', '2009-07-16', '2009-07-02'),
(805, 260, 183, '2007-09-23', '2007-10-06', '2007-10-07'),
(806, 466, 218, '2003-10-03', '2003-10-26', '2003-10-24'),
(807, 30, 126, '2010-01-22', '2010-02-13', '2010-02-05'),
(808, 242, 95, '2003-08-09', '2003-10-08', '2003-08-23'),
(809, 113, 101, '2005-05-02', '2005-07-01', '2005-05-23'),
(810, 268, 125, '2012-04-17', '2012-05-01', '2012-05-01'),
(811, 235, 133, '2004-02-07', '2004-03-28', '2004-02-28'),
(812, 499, 56, '2001-08-09', '2001-09-01', '2001-09-06'),
(813, 89, 16, '2011-08-21', '2011-09-07', '2011-09-04'),
(814, 88, 54, '2002-05-11', '2002-05-26', '2002-06-01'),
(815, 409, 181, '2010-06-21', '2010-07-25', '2010-07-05'),
(816, 367, 12, '2007-08-04', '2007-09-20', '2007-08-11'),
(817, 151, 133, '2007-06-30', '2007-08-01', '2007-07-21'),
(818, 258, 12, '2009-07-02', '2009-08-30', '2009-07-30'),
(819, 209, 194, '2011-08-12', '2011-08-24', '2011-08-19'),
(820, 223, 77, '2009-08-24', '2009-10-06', '2009-08-31'),
(821, 360, 183, '2005-02-21', '2005-03-25', '2005-03-14'),
(822, 53, 156, '2000-08-21', '2000-09-27', '2000-09-11'),
(823, 164, 90, '2010-08-20', '2010-09-17', '2010-08-27'),
(824, 135, 143, '2005-03-06', '2005-04-25', '2005-03-27'),
(825, 305, 156, '2003-07-04', '2003-08-01', '2003-08-01'),
(826, 483, 70, '2013-09-22', '2013-09-30', '2013-10-20'),
(827, 136, 42, '2012-01-05', '2012-02-07', '2012-01-26'),
(828, 235, 107, '2014-06-30', '2014-07-30', '2014-07-14'),
(829, 252, 234, '2001-12-23', '2002-01-08', '2002-01-06'),
(830, 87, 122, '2011-05-04', '2011-05-05', '2011-06-01'),
(831, 290, 170, '2008-10-23', '2008-12-18', '2008-10-30'),
(832, 68, 70, '2005-08-20', '2005-08-28', '2005-08-27'),
(833, 356, 179, '2003-07-11', '2003-08-10', '2003-08-08'),
(834, 53, 231, '2009-01-18', '2009-03-06', '2009-02-08'),
(835, 433, 17, '2007-12-09', '2007-12-19', '2007-12-30'),
(836, 197, 80, '2009-07-12', '2009-08-11', '2009-07-26'),
(837, 452, 71, '2008-10-03', '2008-11-18', '2008-10-10'),
(838, 43, 186, '2012-04-13', '2012-06-09', '2012-05-04'),
(839, 138, 102, '2004-05-13', '2004-06-27', '2004-05-27'),
(840, 320, 178, '2013-05-18', '2013-06-03', '2013-06-08'),
(841, 498, 187, '2011-05-29', '2011-06-30', '2011-06-26'),
(842, 483, 209, '2007-01-01', '2007-02-26', '2007-01-08'),
(843, 229, 134, '2004-10-09', '2004-10-27', '2004-10-23'),
(844, 88, 153, '2001-04-30', '2001-05-13', '2001-05-14'),
(845, 302, 69, '2000-12-08', '2001-01-17', '2001-01-05'),
(846, 41, 107, '2001-05-09', '2001-05-27', '2001-05-23'),
(847, 346, 172, '2001-09-20', '2001-10-08', '2001-10-04'),
(848, 431, 204, '2011-06-26', '2011-08-11', '2011-07-24'),
(849, 65, 32, '2001-04-12', '2001-04-14', '2001-05-03'),
(850, 309, 72, '2006-04-02', '2006-04-23', '2006-04-30'),
(851, 69, 103, '2009-01-17', '2009-01-18', '2009-02-14'),
(852, 394, 15, '2011-03-22', '2011-03-30', '2011-04-12'),
(853, 232, 191, '2005-04-04', '2005-04-24', '2005-04-18'),
(854, 268, 154, '2014-08-28', '2014-09-03', '2014-09-25'),
(855, 249, 231, '2014-06-14', '2014-07-26', '2014-06-28'),
(856, 429, 238, '2002-07-06', '2002-07-31', '2002-07-27'),
(857, 304, 144, '2001-12-31', '2002-01-25', '2002-01-14'),
(858, 15, 80, '2003-11-18', '2003-12-07', '2003-12-09'),
(859, 58, 125, '2003-09-27', '2003-10-18', '2003-10-11'),
(860, 285, 119, '2004-06-15', '2004-06-24', '2004-07-06'),
(861, 401, 106, '2004-03-25', '2004-05-12', '2004-04-22'),
(862, 350, 134, '2014-03-25', '2014-05-05', '2014-04-01'),
(863, 495, 90, '2000-04-03', '2000-05-30', '2000-05-01'),
(864, 493, 237, '2005-10-21', '2005-12-01', '2005-10-28'),
(865, 325, 226, '2003-04-22', '2003-05-18', '2003-04-29'),
(866, 278, 66, '2013-04-14', '2013-05-20', '2013-04-28'),
(867, 112, 4, '2001-08-28', '2001-10-01', '2001-09-25'),
(868, 217, 73, '2014-05-17', '2014-06-24', '2014-05-24'),
(869, 272, 110, '2014-07-25', '2014-08-28', '2014-08-01'),
(870, 305, 23, '2006-09-07', '2006-09-25', '2006-09-21'),
(871, 341, 229, '2002-11-28', '2002-11-29', '2002-12-05'),
(872, 44, 151, '2012-02-24', '2012-04-05', '2012-03-02'),
(873, 222, 66, '2014-08-02', '2014-09-09', '2014-08-23'),
(874, 435, 90, '2004-10-07', '2004-11-24', '2004-10-14'),
(875, 62, 150, '2007-01-29', '2007-03-12', '2007-02-26'),
(876, 331, 133, '2005-04-18', '2005-04-26', '2005-05-16'),
(877, 188, 51, '2000-07-30', '2000-09-17', '2000-08-27'),
(878, 214, 3, '2014-04-07', '2014-05-02', '2014-05-05'),
(879, 202, 190, '2006-10-14', '2006-11-26', '2006-10-28'),
(880, 289, 203, '2003-08-12', '2003-10-06', '2003-08-19'),
(881, 350, 167, '2000-08-25', '2000-08-30', '2000-09-08'),
(882, 442, 146, '2005-09-04', '2005-09-26', '2005-10-02'),
(883, 272, 156, '2003-07-11', '2003-07-15', '2003-07-25'),
(884, 433, 218, '2012-05-25', '2012-07-02', '2012-06-22'),
(885, 465, 203, '2012-07-21', '2012-08-19', '2012-08-04'),
(886, 175, 156, '2008-08-23', '2008-09-06', '2008-09-20'),
(887, 235, 65, '2006-07-26', '2006-08-02', '2006-08-16'),
(888, 481, 184, '2006-02-21', '2006-03-06', '2006-03-21'),
(889, 270, 5, '2008-03-26', '2008-04-12', '2008-04-09'),
(890, 182, 76, '2003-03-03', '2003-03-10', '2003-03-17'),
(891, 152, 107, '2003-08-21', '2003-08-25', '2003-09-11'),
(892, 299, 4, '2003-11-26', '2003-12-22', '2003-12-24'),
(893, 119, 184, '2005-09-05', '2005-09-29', '2005-09-26'),
(894, 339, 69, '2005-06-10', '2005-07-20', '2005-06-24'),
(895, 292, 210, '2010-12-13', '2010-12-17', '2010-12-27'),
(896, 193, 200, '2014-08-27', '2014-10-18', '2014-09-24'),
(897, 145, 148, '2003-10-03', '2003-11-11', '2003-10-17'),
(898, 71, 166, '2014-04-21', '2014-06-18', '2014-05-19'),
(899, 174, 4, '2015-05-29', '2015-07-22', '2015-06-05'),
(900, 159, 195, '2006-12-04', '2006-12-06', '2006-12-25');
INSERT INTO `issuance` (`id_issuance`, `id_copy`, `id_reader`, `issue_date`, `release_date`, `deadline_date`) VALUES
(901, 140, 165, '2012-02-26', '2012-04-06', '2012-03-04'),
(902, 125, 60, '2004-05-01', '2004-06-15', '2004-05-22'),
(903, 171, 21, '2008-10-25', '2008-12-08', '2008-11-01'),
(904, 60, 44, '2006-12-06', '2007-01-21', '2006-12-13'),
(905, 376, 90, '2007-01-07', '2007-02-16', '2007-02-04'),
(906, 370, 82, '2002-08-21', '2002-10-05', '2002-09-11'),
(907, 237, 66, '2009-08-20', '2009-08-27', '2009-08-27'),
(908, 78, 240, '2013-07-02', '2013-08-26', '2013-07-30'),
(909, 165, 113, '2003-05-31', '2003-07-25', '2003-06-07'),
(910, 369, 156, '2012-05-08', '2012-06-11', '2012-05-15'),
(911, 91, 220, '2012-02-15', '2012-03-21', '2012-02-29'),
(912, 136, 134, '2013-04-22', '2013-05-27', '2013-05-13'),
(913, 116, 90, '2005-02-04', '2005-03-08', '2005-02-18'),
(914, 367, 20, '2001-01-08', '2001-01-18', '2001-01-15'),
(915, 371, 110, '2005-11-16', '2005-12-26', '2005-11-30'),
(916, 108, 210, '2009-02-25', '2009-04-14', '2009-03-11'),
(917, 29, 215, '2008-09-27', '2008-11-25', '2008-10-25'),
(918, 142, 62, '2015-03-23', '2015-03-29', '2015-03-30'),
(919, 184, 143, '2004-05-16', '2004-06-15', '2004-06-06'),
(920, 458, 69, '2005-06-15', '2005-07-11', '2005-06-22'),
(921, 356, 222, '2013-09-27', '2013-10-18', '2013-10-11'),
(922, 420, 222, '2010-08-28', '2010-10-05', '2010-09-18'),
(923, 350, 196, '2002-04-11', '2002-05-28', '2002-04-18'),
(924, 282, 90, '2008-05-14', '2008-07-04', '2008-05-21'),
(925, 328, 195, '2006-05-08', '2006-05-19', '2006-06-05'),
(926, 488, 173, '2008-02-14', '2008-03-15', '2008-03-13'),
(927, 94, 124, '2011-02-03', '2011-02-11', '2011-03-03'),
(928, 109, 199, '2001-04-26', '2001-06-01', '2001-05-17'),
(929, 311, 196, '2004-06-27', '2004-07-18', '2004-07-18'),
(930, 204, 45, '2003-08-15', '2003-10-12', '2003-09-12'),
(931, 23, 46, '2006-11-19', '2007-01-01', '2006-12-10'),
(932, 265, 179, '2009-06-24', '2009-08-08', '2009-07-15'),
(933, 139, 84, '2013-08-20', '2013-10-17', '2013-09-17'),
(934, 462, 65, '2005-11-29', '2005-12-09', '2005-12-06'),
(935, 202, 213, '2006-05-17', '2006-06-21', '2006-05-24'),
(936, 12, 163, '2000-07-22', '2000-08-14', '2000-08-05'),
(937, 209, 198, '2008-12-14', '2009-02-02', '2008-12-21'),
(938, 256, 142, '2007-09-16', '2007-10-02', '2007-09-23'),
(939, 127, 235, '2015-04-29', '2015-06-18', '2015-05-27'),
(940, 296, 240, '2012-08-29', '2012-10-04', '2012-09-19'),
(941, 240, 225, '2013-09-21', '2013-11-15', '2013-10-12'),
(942, 289, 220, '2001-02-08', '2001-03-14', '2001-02-22'),
(943, 355, 176, '2009-07-04', '2009-08-13', '2009-07-11'),
(944, 498, 58, '2008-03-23', '2008-05-16', '2008-03-30'),
(945, 368, 74, '2003-06-12', '2003-08-08', '2003-06-19'),
(946, 280, 2, '2007-09-25', '2007-09-26', '2007-10-09'),
(947, 407, 10, '2002-07-09', '2002-08-24', '2002-07-30'),
(948, 95, 85, '2011-02-27', '2011-04-19', '2011-03-26'),
(949, 250, 153, '2004-07-17', '2004-08-12', '2004-08-14'),
(950, 61, 166, '2010-12-17', '2011-01-30', '2011-01-07'),
(951, 403, 134, '2013-06-16', '2013-08-05', '2013-06-23'),
(952, 337, 216, '2000-09-07', '2000-09-16', '2000-09-14'),
(953, 220, 23, '2003-09-13', '2003-11-12', '2003-09-20'),
(954, 104, 202, '2012-11-14', '2012-12-29', '2012-11-21'),
(955, 319, 237, '2002-02-01', '2002-03-21', '2002-02-08'),
(956, 6, 237, '2014-01-29', '2014-02-03', '2014-02-26'),
(957, 373, 77, '2007-08-11', '2007-08-19', '2007-08-25'),
(958, 142, 60, '2000-11-15', '2000-12-06', '2000-11-22'),
(959, 68, 28, '2002-11-13', '2003-01-02', '2002-12-04'),
(960, 444, 107, '2001-12-15', '2001-12-15', '2001-12-22'),
(961, 234, 59, '2002-01-29', '2002-02-23', '2002-02-26'),
(962, 281, 79, '2012-09-01', '2012-10-25', '2012-09-08'),
(963, 23, 125, '2004-05-30', '2004-06-29', '2004-06-27'),
(964, 461, 154, '2003-03-31', '2003-04-22', '2003-04-14'),
(965, 318, 236, '2001-09-28', '2001-10-11', '2001-10-26'),
(966, 303, 118, '2004-11-27', '2005-01-07', '2004-12-18'),
(967, 438, 236, '2011-11-13', '2011-11-25', '2011-11-20'),
(968, 271, 19, '2002-09-02', '2002-10-05', '2002-09-09'),
(969, 355, 126, '2009-04-22', '2009-05-20', '2009-05-20'),
(970, 132, 35, '2001-08-21', '2001-10-20', '2001-09-18'),
(971, 272, 100, '2012-11-24', '2012-12-05', '2012-12-08'),
(972, 339, 69, '2003-01-22', '2003-02-23', '2003-02-05'),
(973, 199, 216, '2013-05-17', '2013-05-18', '2013-05-24'),
(974, 179, 54, '2001-04-17', '2001-05-29', '2001-05-08'),
(975, 478, 30, '2001-12-04', '2001-12-07', '2002-01-01'),
(976, 441, 1, '2009-04-04', '2009-04-25', '2009-04-25'),
(977, 147, 183, '2010-08-18', '2010-09-25', '2010-09-01'),
(978, 72, 90, '2010-03-24', '2010-05-04', '2010-03-31'),
(979, 150, 50, '2006-03-29', '2006-04-14', '2006-04-26'),
(980, 69, 224, '2004-12-30', '2005-01-15', '2005-01-27'),
(981, 208, 62, '2003-03-01', '2003-04-07', '2003-03-08'),
(982, 130, 157, '2007-11-21', '2007-12-01', '2007-12-19'),
(983, 1, 127, '2002-02-20', '2002-03-27', '2002-03-20'),
(984, 264, 26, '2009-06-18', '2009-08-11', '2009-07-02'),
(985, 40, 16, '2014-06-08', '2014-08-03', '2014-07-06'),
(986, 112, 229, '2010-07-02', '2010-07-02', '2010-07-23'),
(987, 308, 187, '2014-11-16', '2014-11-23', '2014-12-14'),
(988, 273, 154, '2004-11-28', '2005-01-12', '2004-12-19'),
(989, 371, 89, '2003-04-03', '2003-05-08', '2003-04-17'),
(990, 281, 172, '2009-08-06', '2009-09-24', '2009-09-03'),
(991, 491, 27, '2015-06-18', '2015-08-08', '2015-07-02'),
(992, 463, 110, '2012-09-25', '2012-11-08', '2012-10-23'),
(993, 1, 120, '2013-08-25', '2013-10-04', '2013-09-22'),
(994, 181, 224, '2002-12-06', '2002-12-09', '2002-12-27'),
(995, 377, 238, '2013-03-15', '2013-03-28', '2013-04-05'),
(996, 288, 183, '2013-01-02', '2013-02-16', '2013-01-16'),
(997, 282, 37, '2010-07-23', '2010-09-08', '2010-07-30'),
(998, 310, 94, '2003-12-26', '2004-02-09', '2004-01-09'),
(999, 148, 73, '2000-10-21', '2000-11-09', '2000-10-28'),
(1000, 343, 167, '2011-08-02', '2011-08-20', '2011-08-09'),
(1001, 255, 40, '2000-02-17', '2000-03-28', '2000-03-09'),
(1002, 319, 46, '2012-01-13', '2012-01-18', '2012-02-03'),
(1003, 259, 148, '2002-01-26', '2002-02-05', '2002-02-23'),
(1004, 279, 42, '2007-09-12', '2007-10-15', '2007-10-03'),
(1005, 259, 180, '2010-01-01', '2010-02-28', '2010-01-29'),
(1006, 127, 26, '2014-12-13', '2015-01-16', '2014-12-20'),
(1007, 38, 93, '2000-01-28', '2000-02-06', '2000-02-25'),
(1008, 402, 78, '2011-01-26', '2011-03-26', '2011-02-02'),
(1009, 40, 193, '2007-02-23', '2007-04-08', '2007-03-23'),
(1010, 282, 46, '2002-04-09', '2002-05-23', '2002-04-16'),
(1011, 31, 113, '2003-10-22', '2003-10-22', '2003-11-19'),
(1012, 454, 132, '2004-03-25', '2004-04-22', '2004-04-08'),
(1013, 271, 101, '2013-03-24', '2013-04-06', '2013-04-21'),
(1014, 161, 131, '2000-03-03', '2000-04-13', '2000-03-24'),
(1015, 274, 123, '2012-04-13', '2012-04-29', '2012-04-20'),
(1016, 482, 18, '2014-07-21', '2014-08-06', '2014-08-11'),
(1017, 454, 151, '2005-01-11', '2005-01-17', '2005-01-25'),
(1018, 329, 178, '2002-02-13', '2002-02-20', '2002-02-27'),
(1019, 412, 230, '2012-04-19', '2012-05-13', '2012-04-26'),
(1020, 61, 31, '2007-01-23', '2007-02-07', '2007-01-30'),
(1021, 85, 140, '2012-11-16', '2012-11-30', '2012-11-30'),
(1022, 300, 225, '2003-02-12', '2003-02-15', '2003-03-12'),
(1023, 41, 229, '2004-10-18', '2004-11-21', '2004-11-01'),
(1024, 460, 186, '2011-06-22', '2011-07-05', '2011-06-29'),
(1025, 350, 18, '2012-01-25', '2012-02-27', '2012-02-22'),
(1026, 210, 5, '2007-08-13', '2007-09-03', '2007-09-03'),
(1027, 410, 135, '2001-08-13', '2001-09-30', '2001-09-10'),
(1028, 43, 151, '2008-01-01', '2008-01-19', '2008-01-15'),
(1029, 233, 175, '2014-12-15', '2014-12-29', '2015-01-05'),
(1030, 136, 32, '2015-05-03', '2015-05-27', '2015-05-10'),
(1031, 454, 10, '2006-03-11', '2006-05-05', '2006-04-08'),
(1032, 296, 197, '2010-04-30', '2010-06-09', '2010-05-28'),
(1033, 172, 129, '2002-06-02', '2002-07-15', '2002-06-09'),
(1034, 50, 194, '2003-07-28', '2003-09-24', '2003-08-25'),
(1035, 48, 234, '2000-12-25', '2001-02-04', '2001-01-15'),
(1036, 301, 169, '2012-05-24', '2012-07-20', '2012-06-07'),
(1037, 295, 25, '2009-01-27', '2009-02-16', '2009-02-03'),
(1038, 43, 169, '2010-10-14', '2010-10-17', '2010-11-11'),
(1039, 278, 219, '2001-10-07', '2001-10-22', '2001-10-28'),
(1040, 272, 87, '2008-02-25', '2008-03-13', '2008-03-24'),
(1041, 308, 36, '2013-09-16', '2013-11-12', '2013-10-14'),
(1042, 471, 97, '2006-10-19', '2006-11-18', '2006-11-02'),
(1043, 491, 161, '2002-09-22', '2002-10-11', '2002-10-13'),
(1044, 471, 224, '2014-08-04', '2014-08-06', '2014-09-01'),
(1045, 410, 47, '2010-08-26', '2010-10-17', '2010-09-09'),
(1046, 482, 60, '2001-07-11', '2001-08-26', '2001-08-01'),
(1047, 38, 44, '2004-09-11', '2004-10-10', '2004-10-02'),
(1048, 355, 112, '2004-12-13', '2005-01-02', '2005-01-03'),
(1050, 414, 187, '2002-12-27', '2003-02-20', '2003-01-10'),
(1051, 279, 24, '2013-06-09', '2013-08-08', '2013-07-07'),
(1052, 171, 74, '2012-10-23', '2012-11-14', '2012-10-30'),
(1053, 55, 53, '2003-09-14', '2003-10-25', '2003-10-12'),
(1054, 62, 233, '2005-05-30', '2005-07-01', '2005-06-06'),
(1055, 160, 203, '2009-11-18', '2010-01-12', '2009-12-16'),
(1056, 92, 159, '2012-09-06', '2012-11-05', '2012-09-20'),
(1057, 390, 137, '2000-12-31', '2001-02-13', '2001-01-14'),
(1058, 166, 142, '2002-04-23', '2002-05-19', '2002-04-30'),
(1059, 75, 139, '2006-04-05', '2006-04-05', '2006-05-03'),
(1060, 33, 211, '2015-03-29', '2015-05-24', '2015-04-05'),
(1061, 102, 41, '2007-02-23', '2007-03-03', '2007-03-16'),
(1062, 210, 71, '2007-12-09', '2007-12-30', '2007-12-23'),
(1063, 316, 234, '2001-06-29', '2001-08-18', '2001-07-06'),
(1064, 404, 37, '2013-02-01', '2013-03-20', '2013-03-01'),
(1065, 411, 208, '2006-04-06', '2006-05-19', '2006-04-27'),
(1067, 43, 212, '2001-05-08', '2001-05-16', '2001-05-15'),
(1068, 376, 14, '2005-12-27', '2006-02-19', '2006-01-03'),
(1069, 41, 50, '2008-08-11', '2008-09-22', '2008-08-18'),
(1070, 129, 220, '2008-08-15', '2008-08-16', '2008-08-22'),
(1071, 417, 2, '2007-09-20', '2007-09-24', '2007-10-04'),
(1072, 206, 214, '2014-11-27', '2015-01-25', '2014-12-18'),
(1073, 105, 167, '2004-08-28', '2004-09-14', '2004-09-11'),
(1074, 27, 100, '2007-06-22', '2007-08-20', '2007-07-20'),
(1075, 245, 113, '2011-10-20', '2011-12-13', '2011-10-27'),
(1076, 34, 189, '2006-11-02', '2006-11-23', '2006-11-16'),
(1077, 8, 66, '2004-01-07', '2004-02-13', '2004-01-14'),
(1078, 437, 217, '2006-07-04', '2006-07-14', '2006-07-11'),
(1079, 317, 21, '2000-06-18', '2000-08-11', '2000-06-25'),
(1080, 281, 71, '2004-01-13', '2004-03-06', '2004-02-10'),
(1081, 272, 163, '2010-03-28', '2010-03-31', '2010-04-25'),
(1082, 184, 82, '2004-03-12', '2004-04-28', '2004-04-02'),
(1083, 413, 123, '2005-02-10', '2005-03-11', '2005-03-10'),
(1084, 348, 210, '2001-05-05', '2001-05-18', '2001-06-02'),
(1085, 258, 43, '2012-01-08', '2012-01-31', '2012-01-15'),
(1086, 158, 210, '2005-10-07', '2005-10-21', '2005-10-21'),
(1087, 364, 106, '2014-09-05', '2014-10-21', '2014-09-26'),
(1088, 92, 42, '2007-03-14', '2007-03-28', '2007-04-11'),
(1089, 412, 162, '2004-01-23', '2004-01-27', '2004-01-30'),
(1090, 255, 133, '2009-06-08', '2009-07-08', '2009-07-06'),
(1091, 246, 184, '2007-01-30', '2007-02-11', '2007-02-27'),
(1092, 477, 232, '2006-04-10', '2006-04-17', '2006-04-17'),
(1093, 161, 211, '2007-05-28', '2007-05-29', '2007-06-25'),
(1094, 265, 99, '2011-09-30', '2011-11-18', '2011-10-21'),
(1095, 230, 107, '2002-04-05', '2002-05-12', '2002-04-26'),
(1096, 491, 171, '2001-10-25', '2001-11-09', '2001-11-15'),
(1098, 382, 80, '2011-08-29', '2011-10-08', '2011-09-12'),
(1099, 57, 75, '2002-02-05', '2002-03-03', '2002-03-05'),
(1100, 274, 41, '2014-05-06', '2014-05-09', '2014-05-13'),
(1101, 274, 17, '2000-07-23', '2000-08-11', '2000-08-20'),
(1102, 273, 198, '2010-07-14', '2010-09-03', '2010-08-11'),
(1103, 145, 131, '2003-05-02', '2003-06-08', '2003-05-23'),
(1104, 90, 237, '2013-08-10', '2013-09-15', '2013-09-07'),
(1105, 480, 18, '2010-04-24', '2010-05-10', '2010-05-08'),
(1106, 143, 190, '2009-10-19', '2009-10-21', '2009-11-02'),
(1107, 473, 230, '2013-12-01', '2014-01-29', '2013-12-08'),
(1108, 12, 151, '2014-10-08', '2014-11-30', '2014-10-29'),
(1109, 78, 214, '2008-12-09', '2008-12-15', '2008-12-23'),
(1110, 30, 42, '2003-05-06', '2003-05-07', '2003-05-27'),
(1111, 139, 6, '2013-09-14', '2013-10-09', '2013-10-05'),
(1112, 218, 91, '2005-12-14', '2005-12-26', '2006-01-04'),
(1113, 377, 20, '2008-01-01', '2008-01-17', '2008-01-15'),
(1114, 254, 190, '2014-04-07', '2014-04-07', '2014-04-14'),
(1115, 439, 74, '2004-07-12', '2004-08-19', '2004-07-26'),
(1116, 37, 231, '2003-09-19', '2003-10-06', '2003-09-26'),
(1117, 414, 80, '2013-03-18', '2013-05-07', '2013-04-15'),
(1118, 50, 163, '2009-08-14', '2009-08-25', '2009-09-04'),
(1119, 144, 121, '2002-07-31', '2002-08-02', '2002-08-07'),
(1120, 419, 157, '2008-01-23', '2008-03-21', '2008-02-06'),
(1121, 277, 137, '2003-04-27', '2003-04-27', '2003-05-04'),
(1122, 314, 4, '2014-03-31', '2014-05-09', '2014-04-07'),
(1123, 427, 46, '2003-09-29', '2003-10-19', '2003-10-20'),
(1124, 17, 240, '2013-06-15', '2013-07-13', '2013-07-06'),
(1125, 61, 87, '2011-01-08', '2011-01-12', '2011-01-15'),
(1126, 110, 162, '2005-07-18', '2005-08-20', '2005-08-08'),
(1127, 312, 163, '2010-04-30', '2010-05-15', '2010-05-07'),
(1128, 477, 149, '2006-05-15', '2006-06-16', '2006-05-22'),
(1129, 332, 46, '2008-05-31', '2008-07-05', '2008-06-07'),
(1130, 389, 207, '2000-01-06', '2000-01-29', '2000-01-27'),
(1131, 219, 236, '2007-04-15', '2007-06-13', '2007-05-13'),
(1132, 77, 64, '2003-06-17', '2003-08-14', '2003-06-24'),
(1133, 200, 234, '2015-02-13', '2015-02-27', '2015-03-06'),
(1134, 265, 227, '2007-05-20', '2007-05-23', '2007-06-17'),
(1135, 168, 125, '2009-04-01', '2009-05-20', '2009-04-08'),
(1136, 324, 36, '2014-03-14', '2014-04-02', '2014-04-11'),
(1137, 413, 195, '2000-05-15', '2000-05-15', '2000-06-05'),
(1138, 159, 52, '2003-04-05', '2003-04-27', '2003-05-03'),
(1139, 348, 148, '2008-09-05', '2008-10-15', '2008-09-19'),
(1140, 398, 89, '2013-01-12', '2013-01-24', '2013-02-09'),
(1141, 482, 72, '2014-04-02', '2014-04-14', '2014-04-16'),
(1142, 365, 25, '2007-02-21', '2007-04-20', '2007-03-07'),
(1143, 175, 229, '2014-12-17', '2014-12-25', '2014-12-31'),
(1144, 404, 157, '2012-09-10', '2012-10-10', '2012-09-17'),
(1145, 269, 230, '2001-07-15', '2001-08-21', '2001-08-05'),
(1146, 321, 166, '2006-07-27', '2006-08-07', '2006-08-24'),
(1147, 120, 34, '2009-07-16', '2009-07-16', '2009-08-13'),
(1148, 44, 130, '2001-05-24', '2001-06-10', '2001-06-21'),
(1149, 495, 120, '2001-08-12', '2001-10-02', '2001-09-09'),
(1150, 260, 148, '2008-08-15', '2008-08-16', '2008-09-05'),
(1151, 123, 130, '2000-10-10', '2000-11-01', '2000-11-07'),
(1152, 272, 197, '2010-08-28', '2010-09-13', '2010-09-11'),
(1154, 10, 177, '2003-02-27', '2003-04-15', '2003-03-06'),
(1155, 199, 149, '2010-10-07', '2010-11-05', '2010-10-28'),
(1156, 235, 115, '2014-11-06', '2014-11-21', '2014-11-27'),
(1157, 287, 108, '2000-12-16', '2000-12-17', '2000-12-23'),
(1158, 37, 82, '2000-05-08', '2000-05-26', '2000-05-15'),
(1159, 401, 88, '2014-03-11', '2014-05-04', '2014-04-01'),
(1160, 429, 149, '2008-11-20', '2009-01-15', '2008-12-11'),
(1161, 165, 182, '2007-05-10', '2007-06-19', '2007-05-17'),
(1162, 83, 57, '2004-01-25', '2004-02-03', '2004-02-15'),
(1163, 20, 161, '2013-07-02', '2013-07-02', '2013-07-16'),
(1164, 396, 43, '2007-10-02', '2007-11-05', '2007-10-09'),
(1165, 389, 101, '2003-12-28', '2003-12-28', '2004-01-25'),
(1166, 363, 41, '2014-12-25', '2014-12-31', '2015-01-22'),
(1167, 268, 205, '2012-04-04', '2012-05-02', '2012-05-02'),
(1168, 99, 70, '2012-07-20', '2012-08-05', '2012-07-27'),
(1169, 197, 53, '2010-07-26', '2010-09-16', '2010-08-02'),
(1171, 187, 195, '2011-08-14', '2011-09-10', '2011-09-04'),
(1172, 440, 113, '2005-03-21', '2005-04-22', '2005-04-11'),
(1173, 366, 226, '2004-03-16', '2004-03-29', '2004-03-23'),
(1174, 481, 110, '2011-10-01', '2011-10-24', '2011-10-22'),
(1175, 191, 50, '2013-10-08', '2013-11-28', '2013-10-22'),
(1176, 68, 231, '2006-10-28', '2006-11-18', '2006-11-25'),
(1177, 68, 5, '2005-09-28', '2005-09-29', '2005-10-19'),
(1178, 228, 232, '2004-10-27', '2004-11-24', '2004-11-03'),
(1179, 440, 79, '2014-07-10', '2014-08-13', '2014-07-24'),
(1180, 222, 60, '2003-03-04', '2003-03-06', '2003-04-01'),
(1181, 175, 125, '2004-12-01', '2004-12-16', '2004-12-08'),
(1182, 37, 203, '2001-01-23', '2001-02-02', '2001-01-30'),
(1183, 422, 105, '2002-11-25', '2002-12-04', '2002-12-09'),
(1184, 476, 174, '2004-09-27', '2004-10-10', '2004-10-18'),
(1185, 247, 197, '2000-09-03', '2000-11-01', '2000-09-10'),
(1186, 69, 181, '2014-08-08', '2014-08-30', '2014-09-05'),
(1187, 361, 229, '2003-03-20', '2003-04-17', '2003-04-03'),
(1188, 63, 198, '2014-01-06', '2014-01-18', '2014-02-03'),
(1189, 450, 70, '2008-12-08', '2009-02-04', '2008-12-15'),
(1190, 227, 214, '2008-11-22', '2008-11-29', '2008-12-13'),
(1191, 426, 208, '2010-04-10', '2010-05-03', '2010-05-08'),
(1192, 132, 209, '2012-06-09', '2012-08-02', '2012-06-16'),
(1193, 313, 202, '2014-04-30', '2014-05-27', '2014-05-14'),
(1194, 224, 132, '2013-12-21', '2013-12-23', '2013-12-28'),
(1195, 423, 188, '2012-12-30', '2013-02-24', '2013-01-13'),
(1196, 65, 219, '2012-09-23', '2012-11-07', '2012-10-07'),
(1197, 93, 78, '2010-05-19', '2010-06-04', '2010-06-02'),
(1198, 72, 90, '2009-08-21', '2009-10-10', '2009-09-18'),
(1199, 395, 156, '2012-11-26', '2013-01-24', '2012-12-10'),
(1200, 377, 161, '2010-09-02', '2010-09-20', '2010-09-30'),
(1201, 339, 163, '2002-07-01', '2002-07-17', '2002-07-15'),
(1202, 222, 127, '2012-03-18', '2012-03-31', '2012-04-08'),
(1203, 246, 100, '2000-01-01', '2000-01-17', '2000-01-08'),
(1204, 370, 20, '2008-09-01', '2008-10-14', '2008-09-08'),
(1205, 437, 170, '2010-04-02', '2010-05-22', '2010-04-30'),
(1206, 140, 127, '2002-08-08', '2002-09-02', '2002-09-05'),
(1207, 145, 205, '2010-05-07', '2010-05-19', '2010-05-14'),
(1208, 109, 32, '2005-04-13', '2005-04-19', '2005-05-04'),
(1209, 274, 174, '2006-02-15', '2006-02-23', '2006-02-22'),
(1210, 224, 12, '2008-07-09', '2008-08-07', '2008-07-16'),
(1211, 493, 42, '2009-12-28', '2010-02-26', '2010-01-11'),
(1212, 219, 206, '2003-11-20', '2004-01-17', '2003-12-18'),
(1213, 382, 158, '2010-02-22', '2010-03-09', '2010-03-22'),
(1214, 172, 8, '2002-03-04', '2002-04-26', '2002-04-01'),
(1215, 236, 34, '2001-12-24', '2002-01-11', '2002-01-14'),
(1216, 227, 11, '2002-09-15', '2002-10-24', '2002-10-06'),
(1217, 159, 33, '2014-08-25', '2014-09-17', '2014-09-08'),
(1218, 431, 185, '2000-11-20', '2000-12-27', '2000-12-11'),
(1219, 393, 143, '2005-09-15', '2005-09-17', '2005-10-06'),
(1220, 412, 69, '2001-12-31', '2002-01-28', '2002-01-21'),
(1221, 274, 74, '2015-06-05', '2015-07-07', '2015-07-03'),
(1222, 316, 50, '2013-11-28', '2013-12-20', '2013-12-26'),
(1223, 64, 203, '2013-11-11', '2013-12-07', '2013-11-18'),
(1224, 312, 1, '2005-07-21', '2005-07-31', '2005-08-04'),
(1225, 454, 180, '2002-02-19', '2002-04-19', '2002-03-19'),
(1226, 351, 63, '2001-11-14', '2001-12-26', '2001-12-05'),
(1227, 269, 83, '2006-10-01', '2006-11-28', '2006-10-15'),
(1228, 114, 178, '2009-07-20', '2009-08-04', '2009-07-27'),
(1229, 466, 108, '2007-03-20', '2007-03-29', '2007-04-10'),
(1230, 401, 70, '2014-05-29', '2014-05-29', '2014-06-05'),
(1231, 265, 159, '2010-11-11', '2010-12-01', '2010-12-09'),
(1232, 212, 143, '2005-09-01', '2005-10-15', '2005-09-15'),
(1233, 136, 236, '2001-01-17', '2001-02-12', '2001-02-07'),
(1234, 124, 127, '2001-08-13', '2001-08-18', '2001-08-27'),
(1235, 206, 2, '2004-08-25', '2004-10-17', '2004-09-15'),
(1236, 9, 142, '2001-04-13', '2001-05-02', '2001-05-11'),
(1237, 446, 61, '2013-08-08', '2013-09-12', '2013-08-15'),
(1238, 188, 214, '2008-02-28', '2008-04-10', '2008-03-20'),
(1239, 416, 239, '2005-01-27', '2005-02-21', '2005-02-24'),
(1240, 57, 92, '2013-07-09', '2013-08-04', '2013-07-30'),
(1241, 420, 77, '2002-01-08', '2002-01-25', '2002-01-22'),
(1242, 47, 4, '2004-03-25', '2004-04-30', '2004-04-01'),
(1243, 172, 201, '2005-05-24', '2005-06-11', '2005-06-21'),
(1244, 303, 235, '2012-03-10', '2012-05-06', '2012-03-17'),
(1245, 5, 214, '2014-01-01', '2014-03-02', '2014-01-29'),
(1246, 207, 218, '2008-12-22', '2009-01-01', '2009-01-12'),
(1247, 3, 225, '2007-03-09', '2007-05-05', '2007-03-16'),
(1248, 470, 6, '2000-09-30', '2000-10-24', '2000-10-14'),
(1249, 497, 187, '2005-08-30', '2005-10-08', '2005-09-27'),
(1250, 127, 179, '2000-01-16', '2000-01-30', '2000-01-30'),
(1251, 267, 34, '2005-10-09', '2005-11-16', '2005-11-06'),
(1252, 406, 222, '2006-08-22', '2006-08-31', '2006-08-29'),
(1253, 338, 74, '2004-08-28', '2004-09-12', '2004-09-04'),
(1254, 258, 149, '2006-11-14', '2006-12-24', '2006-12-12'),
(1255, 215, 237, '2009-09-10', '2009-10-30', '2009-09-17'),
(1256, 297, 49, '2007-06-16', '2007-06-19', '2007-07-07'),
(1257, 93, 174, '2009-05-01', '2009-05-10', '2009-05-22'),
(1258, 138, 62, '2000-05-08', '2000-06-16', '2000-06-05'),
(1259, 86, 191, '2010-04-19', '2010-06-16', '2010-05-10'),
(1260, 96, 38, '2002-12-18', '2002-12-28', '2003-01-01'),
(1261, 158, 193, '2013-07-28', '2013-09-25', '2013-08-04'),
(1262, 321, 152, '2014-07-25', '2014-08-10', '2014-08-15'),
(1263, 216, 224, '2002-03-25', '2002-03-26', '2002-04-15'),
(1264, 169, 38, '2001-01-16', '2001-03-12', '2001-02-06'),
(1265, 393, 5, '2001-01-22', '2001-02-20', '2001-02-19'),
(1266, 458, 106, '2002-05-19', '2002-06-11', '2002-06-09'),
(1267, 126, 35, '2008-07-06', '2008-07-13', '2008-08-03'),
(1268, 24, 148, '2013-08-23', '2013-08-28', '2013-09-06'),
(1269, 251, 66, '2010-04-06', '2010-05-02', '2010-04-20'),
(1270, 50, 199, '2013-08-02', '2013-08-09', '2013-08-23'),
(1271, 85, 229, '2007-07-02', '2007-07-31', '2007-07-30'),
(1272, 202, 146, '2004-06-04', '2004-08-03', '2004-06-11'),
(1273, 274, 204, '2010-06-09', '2010-07-09', '2010-06-30'),
(1274, 50, 169, '2009-07-30', '2009-08-18', '2009-08-27'),
(1275, 152, 50, '2007-03-27', '2007-05-25', '2007-04-10'),
(1276, 132, 202, '2003-09-26', '2003-11-08', '2003-10-10'),
(1277, 51, 131, '2012-11-19', '2012-11-21', '2012-11-26'),
(1278, 290, 84, '2005-12-29', '2006-01-01', '2006-01-26'),
(1279, 192, 186, '2009-10-14', '2009-11-04', '2009-11-11'),
(1280, 469, 206, '2009-02-11', '2009-02-19', '2009-03-11'),
(1281, 338, 156, '2009-06-29', '2009-08-24', '2009-07-27'),
(1282, 482, 207, '2008-01-03', '2008-01-11', '2008-01-31'),
(1283, 146, 124, '2013-04-27', '2013-06-03', '2013-05-18'),
(1284, 52, 101, '2000-01-28', '2000-03-08', '2000-02-11'),
(1285, 300, 132, '2002-08-09', '2002-08-14', '2002-08-30'),
(1286, 293, 122, '2014-02-19', '2014-02-26', '2014-02-26'),
(1287, 276, 221, '2007-07-05', '2007-08-15', '2007-07-26'),
(1288, 169, 101, '2014-07-25', '2014-09-23', '2014-08-01'),
(1289, 379, 22, '2005-07-09', '2005-09-01', '2005-07-16'),
(1290, 215, 34, '2010-08-15', '2010-08-21', '2010-08-22'),
(1291, 330, 16, '2000-04-12', '2000-04-14', '2000-05-10'),
(1292, 247, 159, '2012-07-15', '2012-07-27', '2012-08-12'),
(1293, 124, 175, '2006-03-17', '2006-04-26', '2006-03-31'),
(1294, 96, 113, '2009-06-26', '2009-08-06', '2009-07-24'),
(1295, 86, 27, '2004-02-28', '2004-04-22', '2004-03-06'),
(1296, 123, 120, '2011-09-07', '2011-09-23', '2011-09-21'),
(1297, 251, 241, '2009-11-13', '2009-12-21', '2009-12-11'),
(1298, 212, 73, '2011-10-07', '2011-10-19', '2011-10-28'),
(1299, 459, 159, '2001-10-28', '2001-11-01', '2001-11-11'),
(1300, 462, 57, '2015-04-22', '2015-05-08', '2015-05-13'),
(1301, 59, 167, '2014-12-22', '2015-02-07', '2015-01-19'),
(1302, 397, 237, '2002-08-25', '2002-10-23', '2002-09-01'),
(1303, 396, 183, '2011-05-07', '2011-05-29', '2011-06-04'),
(1304, 371, 211, '2011-11-26', '2011-12-02', '2011-12-10'),
(1305, 23, 51, '2011-02-17', '2011-03-24', '2011-03-03'),
(1306, 485, 200, '2005-03-27', '2005-05-13', '2005-04-10'),
(1307, 422, 22, '2012-09-12', '2012-09-27', '2012-10-10'),
(1308, 387, 71, '2008-04-21', '2008-05-26', '2008-05-12'),
(1309, 216, 97, '2014-12-31', '2015-02-19', '2015-01-07'),
(1310, 144, 179, '2003-01-23', '2003-03-21', '2003-02-13'),
(1311, 137, 124, '2010-09-25', '2010-10-18', '2010-10-02'),
(1312, 354, 21, '2003-05-24', '2003-07-01', '2003-05-31'),
(1313, 286, 116, '2013-06-14', '2013-07-09', '2013-06-21'),
(1314, 470, 102, '2010-09-16', '2010-09-21', '2010-09-30'),
(1315, 166, 81, '2009-07-02', '2009-07-18', '2009-07-09'),
(1316, 35, 189, '2003-07-17', '2003-08-15', '2003-08-07'),
(1317, 329, 14, '2004-09-29', '2004-09-30', '2004-10-20'),
(1318, 85, 178, '2012-01-14', '2012-01-17', '2012-01-28'),
(1319, 210, 151, '2004-08-27', '2004-09-26', '2004-09-17'),
(1320, 307, 125, '2010-04-12', '2010-05-25', '2010-05-10'),
(1321, 478, 182, '2003-01-02', '2003-01-09', '2003-01-23'),
(1322, 397, 86, '2009-07-31', '2009-09-25', '2009-08-14'),
(1323, 305, 91, '2008-08-02', '2008-09-01', '2008-08-16'),
(1324, 433, 122, '2014-03-06', '2014-04-09', '2014-04-03'),
(1325, 238, 221, '2012-07-15', '2012-09-02', '2012-07-22'),
(1326, 238, 83, '2009-07-14', '2009-07-15', '2009-07-21'),
(1327, 269, 162, '2014-10-15', '2014-10-22', '2014-11-12'),
(1328, 103, 73, '2006-05-19', '2006-05-20', '2006-06-02'),
(1329, 337, 35, '2015-06-10', '2015-08-02', '2015-07-08'),
(1330, 279, 215, '2009-04-14', '2009-04-24', '2009-04-21'),
(1331, 286, 121, '2003-07-03', '2003-08-04', '2003-07-31'),
(1332, 320, 62, '2002-03-14', '2002-04-11', '2002-04-11'),
(1333, 238, 105, '2007-03-17', '2007-03-30', '2007-03-31'),
(1334, 210, 67, '2002-11-01', '2002-11-26', '2002-11-29'),
(1335, 165, 206, '2010-12-22', '2010-12-29', '2011-01-19'),
(1336, 180, 178, '2002-04-05', '2002-04-08', '2002-04-12'),
(1337, 298, 92, '2013-10-21', '2013-11-29', '2013-10-28'),
(1338, 429, 63, '2002-12-04', '2003-01-22', '2002-12-18'),
(1339, 399, 51, '2004-07-04', '2004-08-28', '2004-07-11'),
(1340, 316, 161, '2010-05-09', '2010-05-26', '2010-05-23'),
(1341, 156, 165, '2015-01-19', '2015-02-19', '2015-02-16'),
(1342, 180, 197, '2002-12-27', '2003-02-14', '2003-01-17'),
(1343, 281, 19, '2012-01-12', '2012-02-03', '2012-02-09'),
(1344, 228, 118, '2013-09-18', '2013-10-24', '2013-10-02'),
(1345, 485, 82, '2013-10-16', '2013-11-29', '2013-10-23'),
(1346, 191, 89, '2003-03-02', '2003-04-28', '2003-03-23'),
(1347, 68, 89, '2010-09-06', '2010-09-07', '2010-09-27'),
(1348, 477, 119, '2004-02-05', '2004-03-26', '2004-03-04'),
(1349, 363, 144, '2003-10-12', '2003-10-18', '2003-11-02'),
(1350, 139, 169, '2013-04-13', '2013-04-20', '2013-05-04'),
(1351, 343, 116, '2002-03-31', '2002-05-05', '2002-04-21'),
(1352, 365, 225, '2006-10-05', '2006-10-26', '2006-11-02'),
(1353, 68, 12, '2009-04-04', '2009-06-03', '2009-04-25'),
(1354, 106, 100, '2009-04-23', '2009-04-25', '2009-04-30'),
(1355, 422, 177, '2008-12-28', '2009-01-31', '2009-01-11'),
(1356, 251, 160, '2012-10-26', '2012-10-30', '2012-11-09'),
(1357, 414, 161, '2012-04-20', '2012-04-24', '2012-05-04'),
(1358, 406, 71, '2013-06-06', '2013-06-30', '2013-06-27'),
(1359, 64, 63, '2013-02-01', '2013-03-18', '2013-02-15'),
(1360, 246, 121, '2014-11-08', '2014-12-21', '2014-11-29'),
(1361, 269, 212, '2000-04-20', '2000-05-07', '2000-05-18'),
(1362, 134, 138, '2010-10-14', '2010-11-20', '2010-11-11'),
(1363, 342, 120, '2000-01-03', '2000-02-21', '2000-01-24'),
(1364, 193, 165, '2012-12-31', '2013-01-08', '2013-01-07'),
(1365, 223, 126, '2005-09-29', '2005-10-01', '2005-10-27'),
(1366, 350, 38, '2014-06-18', '2014-06-26', '2014-06-25'),
(1367, 143, 177, '2009-02-15', '2009-04-05', '2009-02-22'),
(1368, 326, 241, '2011-02-16', '2011-03-26', '2011-03-09'),
(1369, 7, 73, '2010-12-24', '2011-02-11', '2011-01-21'),
(1370, 181, 74, '2009-03-08', '2009-04-04', '2009-04-05'),
(1371, 205, 19, '2005-06-10', '2005-06-14', '2005-07-08'),
(1372, 57, 21, '2000-05-18', '2000-07-15', '2000-06-01'),
(1373, 192, 196, '2006-12-05', '2006-12-30', '2006-12-19'),
(1374, 373, 138, '2004-01-12', '2004-02-06', '2004-01-26'),
(1375, 103, 160, '2008-10-22', '2008-10-28', '2008-11-05'),
(1376, 448, 46, '2000-05-31', '2000-06-13', '2000-06-21'),
(1377, 209, 53, '2010-01-07', '2010-01-12', '2010-01-14'),
(1378, 227, 115, '2004-03-16', '2004-03-26', '2004-04-06'),
(1379, 33, 231, '2014-07-10', '2014-07-16', '2014-08-07'),
(1380, 117, 109, '2010-10-02', '2010-12-01', '2010-10-09'),
(1381, 408, 156, '2015-06-04', '2015-07-15', '2015-06-11'),
(1382, 106, 219, '2008-10-06', '2008-11-14', '2008-10-20'),
(1383, 31, 222, '2006-06-17', '2006-06-26', '2006-07-15'),
(1384, 340, 47, '2004-10-18', '2004-11-08', '2004-11-08'),
(1385, 476, 15, '2004-03-14', '2004-05-12', '2004-03-21'),
(1386, 279, 48, '2007-10-27', '2007-11-13', '2007-11-10'),
(1387, 130, 227, '2008-12-09', '2009-01-08', '2008-12-23'),
(1388, 177, 151, '2003-08-17', '2003-09-15', '2003-08-24'),
(1389, 46, 184, '2013-12-15', '2014-01-25', '2013-12-29'),
(1390, 93, 104, '2006-01-16', '2006-02-04', '2006-01-30'),
(1391, 49, 41, '2005-01-09', '2005-01-09', '2005-02-06'),
(1392, 318, 188, '2011-06-03', '2011-07-26', '2011-07-01'),
(1393, 393, 96, '2012-08-05', '2012-09-02', '2012-08-12'),
(1394, 174, 83, '2009-07-20', '2009-07-26', '2009-08-10'),
(1395, 284, 191, '2013-01-31', '2013-03-21', '2013-02-07'),
(1396, 451, 129, '2000-01-13', '2000-02-26', '2000-01-27'),
(1397, 466, 34, '2000-07-01', '2000-08-16', '2000-07-15'),
(1398, 57, 212, '2014-07-21', '2014-09-02', '2014-07-28'),
(1399, 27, 54, '2008-10-25', '2008-11-07', '2008-11-15'),
(1400, 61, 36, '2005-01-09', '2005-02-14', '2005-01-16'),
(1401, 426, 101, '2013-04-20', '2013-04-21', '2013-05-04'),
(1402, 291, 197, '2003-12-29', '2004-01-24', '2004-01-12'),
(1403, 371, 56, '2009-07-14', '2009-08-02', '2009-07-28'),
(1404, 351, 109, '2004-03-11', '2004-04-12', '2004-04-01'),
(1405, 114, 113, '2003-05-23', '2003-05-23', '2003-06-13'),
(1406, 283, 87, '2013-05-01', '2013-06-30', '2013-05-22'),
(1407, 11, 152, '2005-09-19', '2005-10-19', '2005-09-26'),
(1408, 335, 135, '2001-10-10', '2001-11-28', '2001-10-31'),
(1409, 170, 43, '2014-08-06', '2014-09-10', '2014-08-20'),
(1410, 39, 217, '2011-07-15', '2011-08-18', '2011-08-12'),
(1411, 429, 81, '2010-11-04', '2010-12-29', '2010-12-02'),
(1412, 379, 169, '2015-06-10', '2015-07-07', '2015-07-08'),
(1413, 488, 121, '2009-07-04', '2009-07-16', '2009-08-01'),
(1414, 475, 21, '2009-10-20', '2009-11-02', '2009-11-17'),
(1415, 155, 56, '2007-11-22', '2008-01-08', '2007-12-13'),
(1416, 462, 210, '2000-05-07', '2000-05-29', '2000-05-21'),
(1417, 209, 4, '2010-04-17', '2010-05-12', '2010-05-01'),
(1418, 277, 129, '2013-06-14', '2013-08-04', '2013-07-12'),
(1419, 125, 149, '2005-06-19', '2005-08-07', '2005-06-26'),
(1420, 108, 130, '2010-04-27', '2010-05-19', '2010-05-18'),
(1421, 460, 19, '2014-01-14', '2014-03-01', '2014-02-11'),
(1422, 41, 122, '2006-06-15', '2006-07-13', '2006-07-13'),
(1423, 340, 183, '2006-06-27', '2006-08-22', '2006-07-04'),
(1424, 301, 234, '2011-07-05', '2011-08-08', '2011-07-19'),
(1425, 246, 115, '2009-12-27', '2010-02-21', '2010-01-10'),
(1426, 4, 78, '2008-12-31', '2009-02-28', '2009-01-21'),
(1427, 380, 231, '2009-07-18', '2009-07-25', '2009-08-01'),
(1428, 95, 211, '2009-01-25', '2009-03-17', '2009-02-22'),
(1429, 173, 237, '2011-01-11', '2011-01-25', '2011-01-18'),
(1430, 46, 44, '2005-06-30', '2005-07-03', '2005-07-21'),
(1431, 194, 110, '2011-04-10', '2011-06-04', '2011-04-24'),
(1432, 320, 158, '2003-04-19', '2003-04-22', '2003-05-17'),
(1433, 425, 184, '2003-01-26', '2003-01-28', '2003-02-02'),
(1434, 455, 29, '2012-02-20', '2012-04-16', '2012-03-12'),
(1435, 357, 26, '2006-06-21', '2006-07-21', '2006-07-05'),
(1436, 226, 104, '2004-03-15', '2004-03-17', '2004-04-12'),
(1437, 16, 186, '2004-08-23', '2004-10-18', '2004-09-06'),
(1438, 159, 104, '2004-07-03', '2004-08-27', '2004-07-10'),
(1439, 85, 99, '2010-05-28', '2010-05-29', '2010-06-04'),
(1440, 478, 67, '2008-05-10', '2008-07-03', '2008-05-17'),
(1441, 362, 33, '2001-09-09', '2001-09-26', '2001-10-07'),
(1442, 349, 172, '2002-03-13', '2002-03-28', '2002-03-20'),
(1443, 189, 133, '2004-05-19', '2004-05-30', '2004-06-09'),
(1444, 56, 109, '2008-06-11', '2008-06-13', '2008-07-09'),
(1445, 32, 28, '2011-06-15', '2011-07-02', '2011-06-29'),
(1446, 195, 165, '2010-03-11', '2010-04-11', '2010-04-08'),
(1447, 486, 213, '2008-02-29', '2008-04-26', '2008-03-21'),
(1448, 278, 45, '2005-05-19', '2005-06-30', '2005-06-02'),
(1449, 321, 91, '2013-05-28', '2013-07-24', '2013-06-04'),
(1450, 444, 136, '2001-11-12', '2001-11-16', '2001-11-26'),
(1451, 457, 192, '2005-07-09', '2005-07-15', '2005-07-23'),
(1452, 133, 101, '2004-10-19', '2004-11-13', '2004-11-02'),
(1453, 100, 67, '2014-03-24', '2014-03-29', '2014-04-07'),
(1454, 145, 143, '2008-11-11', '2009-01-04', '2008-12-09'),
(1455, 215, 105, '2000-03-27', '2000-05-10', '2000-04-24'),
(1456, 444, 63, '2007-10-19', '2007-11-12', '2007-11-16'),
(1457, 52, 237, '2008-10-06', '2008-11-17', '2008-10-20'),
(1458, 381, 19, '2009-07-20', '2009-08-31', '2009-08-10'),
(1459, 55, 151, '2007-08-08', '2007-08-26', '2007-09-05'),
(1460, 165, 73, '2012-01-10', '2012-03-02', '2012-02-07'),
(1461, 27, 134, '2015-05-13', '2015-06-06', '2015-06-03'),
(1462, 29, 131, '2009-02-24', '2009-03-03', '2009-03-10'),
(1463, 219, 98, '2012-07-05', '2012-07-23', '2012-08-02'),
(1464, 439, 143, '2014-06-20', '2014-07-25', '2014-07-11'),
(1465, 241, 36, '2001-12-28', '2002-02-26', '2002-01-04'),
(1466, 432, 58, '2011-04-07', '2011-04-13', '2011-04-14'),
(1467, 233, 203, '2005-07-30', '2005-08-14', '2005-08-20'),
(1468, 40, 175, '2005-05-07', '2005-06-07', '2005-05-14'),
(1469, 80, 104, '2007-05-28', '2007-06-30', '2007-06-18'),
(1470, 140, 182, '2000-04-26', '2000-05-23', '2000-05-17'),
(1471, 202, 132, '2007-07-04', '2007-07-12', '2007-08-01'),
(1472, 186, 62, '2003-10-29', '2003-11-10', '2003-11-05'),
(1473, 73, 155, '2001-05-27', '2001-06-08', '2001-06-03'),
(1474, 160, 73, '2000-04-13', '2000-06-07', '2000-05-04'),
(1475, 5, 93, '2000-03-12', '2000-03-15', '2000-04-02'),
(1476, 29, 38, '2007-11-07', '2007-12-22', '2007-12-05'),
(1477, 120, 73, '2012-12-08', '2012-12-18', '2013-01-05'),
(1478, 291, 104, '2012-08-20', '2012-10-04', '2012-08-27'),
(1479, 197, 83, '2003-03-28', '2003-04-17', '2003-04-18'),
(1480, 15, 49, '2004-08-05', '2004-08-25', '2004-08-26'),
(1481, 488, 212, '2003-02-02', '2003-02-18', '2003-02-23'),
(1482, 433, 133, '2002-01-18', '2002-01-20', '2002-02-01'),
(1483, 405, 146, '2010-10-19', '2010-11-19', '2010-11-16'),
(1484, 9, 206, '2015-01-02', '2015-02-24', '2015-01-09'),
(1485, 142, 63, '2010-01-24', '2010-02-06', '2010-02-21'),
(1486, 259, 203, '2010-08-24', '2010-09-19', '2010-09-07'),
(1487, 119, 176, '2010-08-07', '2010-10-06', '2010-08-28'),
(1488, 382, 148, '2001-03-25', '2001-05-24', '2001-04-08'),
(1489, 256, 198, '2002-11-23', '2002-12-21', '2002-12-14'),
(1490, 327, 149, '2010-09-01', '2010-10-02', '2010-09-08'),
(1491, 414, 231, '2004-06-17', '2004-08-16', '2004-07-08'),
(1492, 466, 33, '2007-07-07', '2007-07-16', '2007-08-04'),
(1493, 215, 161, '2012-05-15', '2012-06-25', '2012-06-12'),
(1494, 303, 198, '2009-12-08', '2010-01-12', '2009-12-29'),
(1495, 157, 159, '2012-02-07', '2012-02-16', '2012-02-28'),
(1496, 28, 76, '2004-01-26', '2004-03-21', '2004-02-23'),
(1497, 492, 100, '2003-09-13', '2003-09-24', '2003-10-04'),
(1498, 177, 238, '2013-10-25', '2013-11-17', '2013-11-22'),
(1499, 204, 177, '2012-10-22', '2012-11-01', '2012-11-12'),
(1500, 160, 119, '2002-06-14', '2002-08-09', '2002-06-28'),
(1501, 362, 122, '2003-12-07', '2003-12-07', '2004-01-04'),
(1502, 195, 238, '2002-11-28', '2003-01-15', '2002-12-05'),
(1503, 375, 140, '2004-03-31', '2004-05-22', '2004-04-21'),
(1504, 122, 60, '2002-09-23', '2002-10-12', '2002-10-21'),
(1505, 254, 50, '2011-03-17', '2011-04-23', '2011-03-24'),
(1506, 133, 209, '2003-04-08', '2003-05-23', '2003-04-15'),
(1507, 18, 222, '2003-08-03', '2003-08-14', '2003-08-10'),
(1508, 437, 3, '2002-07-13', '2002-08-30', '2002-08-03'),
(1509, 68, 117, '2001-01-03', '2001-01-16', '2001-01-10'),
(1510, 367, 25, '2007-07-21', '2007-08-14', '2007-08-04'),
(1511, 195, 174, '2003-02-28', '2003-04-05', '2003-03-14'),
(1512, 63, 132, '2002-10-26', '2002-12-06', '2002-11-16'),
(1513, 198, 25, '2015-05-16', '2015-07-03', '2015-06-06'),
(1514, 77, 221, '2009-05-14', '2009-06-01', '2009-05-28'),
(1515, 328, 168, '2010-07-21', '2010-07-29', '2010-08-04'),
(1516, 449, 48, '2006-01-15', '2006-02-18', '2006-02-05'),
(1517, 175, 64, '2015-06-15', '2015-07-12', '2015-06-29'),
(1518, 438, 62, '2007-07-29', '2007-08-09', '2007-08-05'),
(1519, 150, 145, '2009-07-08', '2009-07-16', '2009-08-05'),
(1520, 97, 12, '2009-02-26', '2009-03-19', '2009-03-12'),
(1521, 479, 50, '2005-09-02', '2005-10-26', '2005-09-16'),
(1522, 130, 197, '2014-09-22', '2014-11-11', '2014-09-29'),
(1523, 198, 84, '2004-10-12', '2004-11-04', '2004-10-19'),
(1524, 361, 157, '2013-06-14', '2013-08-12', '2013-07-12'),
(1525, 369, 217, '2009-09-15', '2009-10-03', '2009-09-29'),
(1526, 129, 216, '2015-01-22', '2015-02-02', '2015-02-12'),
(1527, 230, 226, '2013-06-07', '2013-06-11', '2013-06-14'),
(1528, 268, 209, '2001-12-09', '2001-12-19', '2001-12-16'),
(1529, 239, 226, '2008-09-20', '2008-10-06', '2008-10-11'),
(1530, 456, 120, '2001-11-01', '2001-12-23', '2001-11-15'),
(1531, 10, 195, '2004-06-19', '2004-06-29', '2004-07-17'),
(1532, 70, 107, '2009-06-13', '2009-07-01', '2009-06-20'),
(1533, 482, 78, '2003-11-14', '2004-01-05', '2003-12-12'),
(1534, 219, 52, '2000-03-14', '2000-05-05', '2000-04-04'),
(1535, 336, 134, '2012-08-23', '2012-10-14', '2012-09-13'),
(1536, 388, 150, '2010-07-02', '2010-07-20', '2010-07-09'),
(1537, 236, 190, '2005-08-26', '2005-10-15', '2005-09-09'),
(1538, 99, 113, '2014-12-13', '2014-12-15', '2015-01-03'),
(1539, 139, 76, '2004-08-11', '2004-09-12', '2004-09-08'),
(1540, 317, 179, '2010-05-17', '2010-05-24', '2010-06-14'),
(1541, 304, 162, '2011-05-14', '2011-06-28', '2011-05-28'),
(1542, 142, 59, '2000-03-31', '2000-05-16', '2000-04-21'),
(1543, 168, 171, '2004-10-23', '2004-12-18', '2004-11-06'),
(1544, 278, 68, '2008-10-19', '2008-10-22', '2008-11-02'),
(1545, 136, 85, '2009-06-15', '2009-07-02', '2009-07-06'),
(1546, 42, 16, '2012-02-20', '2012-03-18', '2012-03-12'),
(1547, 351, 138, '2012-06-23', '2012-07-23', '2012-07-07'),
(1548, 493, 45, '2005-08-11', '2005-08-21', '2005-08-25'),
(1549, 104, 40, '2011-04-15', '2011-06-01', '2011-04-29'),
(1550, 320, 220, '2008-10-30', '2008-12-28', '2008-11-20'),
(1551, 321, 50, '2011-09-14', '2011-10-25', '2011-10-12'),
(1552, 242, 36, '2012-02-17', '2012-03-18', '2012-02-24'),
(1553, 213, 111, '2009-07-12', '2009-09-04', '2009-07-19'),
(1554, 164, 173, '2011-01-28', '2011-02-06', '2011-02-04'),
(1555, 180, 112, '2013-06-26', '2013-07-28', '2013-07-10'),
(1556, 17, 187, '2015-06-05', '2015-08-04', '2015-07-03'),
(1557, 116, 18, '2003-02-17', '2003-04-10', '2003-03-17'),
(1558, 477, 127, '2007-05-09', '2007-06-11', '2007-05-30'),
(1559, 87, 216, '2002-07-01', '2002-07-08', '2002-07-29'),
(1560, 427, 219, '2003-03-30', '2003-05-25', '2003-04-13'),
(1561, 402, 142, '2012-07-16', '2012-08-05', '2012-07-23'),
(1562, 239, 215, '2009-10-29', '2009-11-23', '2009-11-26'),
(1563, 188, 92, '2001-05-25', '2001-07-19', '2001-06-01'),
(1564, 76, 234, '2014-07-16', '2014-07-26', '2014-07-30'),
(1565, 139, 34, '2001-08-24', '2001-08-27', '2001-08-31'),
(1566, 470, 23, '2013-12-27', '2014-02-19', '2014-01-03'),
(1567, 474, 207, '2008-04-14', '2008-05-24', '2008-05-05'),
(1568, 4, 159, '2002-01-08', '2002-02-26', '2002-02-05'),
(1569, 452, 44, '2007-02-28', '2007-04-26', '2007-03-07'),
(1570, 441, 60, '2003-04-12', '2003-06-01', '2003-05-10'),
(1571, 115, 228, '2011-02-05', '2011-03-21', '2011-02-26'),
(1572, 89, 154, '2002-04-06', '2002-04-10', '2002-05-04'),
(1573, 130, 80, '2005-02-01', '2005-03-12', '2005-02-22'),
(1574, 31, 236, '2000-04-13', '2000-05-19', '2000-05-11'),
(1575, 192, 205, '2004-01-18', '2004-02-04', '2004-01-25'),
(1576, 42, 29, '2015-05-15', '2015-07-04', '2015-06-12'),
(1577, 314, 162, '2004-10-24', '2004-12-15', '2004-11-21'),
(1578, 68, 220, '2003-10-21', '2003-11-20', '2003-11-04'),
(1579, 303, 182, '2009-01-29', '2009-02-26', '2009-02-26'),
(1580, 349, 74, '2006-09-10', '2006-11-03', '2006-10-01'),
(1581, 329, 72, '2011-09-18', '2011-09-26', '2011-09-25'),
(1582, 500, 211, '2014-04-12', '2014-04-14', '2014-05-10'),
(1583, 410, 68, '2006-04-21', '2006-05-22', '2006-04-28'),
(1584, 252, 234, '2015-04-05', '2015-04-21', '2015-04-26'),
(1585, 45, 108, '2010-02-09', '2010-03-24', '2010-03-02'),
(1586, 20, 144, '2005-12-07', '2006-01-28', '2005-12-21'),
(1587, 279, 226, '2011-04-02', '2011-04-10', '2011-04-23'),
(1588, 413, 211, '2008-01-05', '2008-02-12', '2008-01-26'),
(1589, 423, 161, '2000-07-26', '2000-08-12', '2000-08-16'),
(1590, 142, 72, '2001-10-13', '2001-10-27', '2001-11-10'),
(1591, 180, 205, '2002-11-24', '2002-12-19', '2002-12-22'),
(1593, 202, 175, '2012-08-20', '2012-10-06', '2012-09-10'),
(1594, 384, 186, '2009-04-01', '2009-05-03', '2009-04-22'),
(1595, 487, 239, '2007-02-23', '2007-02-25', '2007-03-02'),
(1596, 493, 106, '2002-11-29', '2003-01-16', '2002-12-20'),
(1597, 293, 211, '2001-11-02', '2001-12-23', '2001-11-30'),
(1598, 11, 66, '2007-08-14', '2007-08-18', '2007-08-21'),
(1599, 14, 216, '2013-02-28', '2013-04-09', '2013-03-21'),
(1600, 441, 128, '2001-11-12', '2001-11-17', '2001-12-03'),
(1601, 460, 149, '2008-12-21', '2009-01-05', '2009-01-11'),
(1602, 164, 213, '2009-05-14', '2009-06-12', '2009-05-21'),
(1603, 327, 212, '2000-08-29', '2000-09-17', '2000-09-12'),
(1604, 182, 91, '2004-04-17', '2004-05-25', '2004-05-08'),
(1605, 363, 209, '2015-03-14', '2015-05-10', '2015-03-28'),
(1606, 351, 41, '2004-05-09', '2004-05-28', '2004-05-23'),
(1607, 456, 139, '2015-04-03', '2015-05-19', '2015-05-01'),
(1608, 196, 214, '2008-02-16', '2008-03-05', '2008-03-15'),
(1609, 408, 73, '2007-07-16', '2007-07-18', '2007-07-23'),
(1610, 410, 125, '2002-08-09', '2002-08-29', '2002-09-06'),
(1611, 242, 223, '2001-10-27', '2001-12-09', '2001-11-10'),
(1612, 362, 201, '2013-02-24', '2013-03-31', '2013-03-17'),
(1613, 500, 120, '2004-08-29', '2004-09-09', '2004-09-19'),
(1614, 197, 111, '2002-01-30', '2002-02-22', '2002-02-20'),
(1615, 469, 109, '2007-12-29', '2008-02-09', '2008-01-26'),
(1616, 494, 118, '2004-05-21', '2004-06-08', '2004-06-11'),
(1617, 74, 34, '2003-09-25', '2003-11-05', '2003-10-16'),
(1618, 373, 231, '2006-08-01', '2006-08-03', '2006-08-22'),
(1619, 209, 40, '2011-05-22', '2011-07-16', '2011-06-19'),
(1620, 40, 222, '2014-11-21', '2014-12-18', '2014-12-12'),
(1621, 428, 87, '2002-05-01', '2002-05-02', '2002-05-15'),
(1622, 14, 232, '2012-05-06', '2012-06-24', '2012-05-20'),
(1623, 213, 187, '2003-06-25', '2003-08-08', '2003-07-16'),
(1624, 125, 27, '2012-09-14', '2012-09-30', '2012-09-21'),
(1625, 390, 178, '2008-07-02', '2008-08-28', '2008-07-16'),
(1626, 224, 81, '2011-05-11', '2011-06-21', '2011-06-01'),
(1627, 440, 108, '2006-09-18', '2006-11-17', '2006-10-09'),
(1628, 48, 216, '2013-04-03', '2013-05-17', '2013-04-10'),
(1629, 381, 211, '2012-11-30', '2013-01-10', '2012-12-21'),
(1630, 453, 91, '2006-01-07', '2006-02-18', '2006-01-14'),
(1631, 229, 118, '2015-06-06', '2015-07-25', '2015-06-20'),
(1632, 499, 52, '2011-06-26', '2011-07-11', '2011-07-03'),
(1633, 403, 143, '2001-10-12', '2001-10-28', '2001-11-09'),
(1634, 290, 197, '2005-07-18', '2005-07-27', '2005-08-08'),
(1635, 247, 130, '2001-08-09', '2001-08-17', '2001-08-16'),
(1636, 285, 138, '2009-08-25', '2009-10-14', '2009-09-15'),
(1637, 485, 46, '2001-06-23', '2001-06-26', '2001-07-21'),
(1638, 62, 66, '2013-12-11', '2014-02-03', '2013-12-18'),
(1639, 498, 149, '2015-01-08', '2015-01-08', '2015-01-15'),
(1640, 242, 125, '2011-04-12', '2011-05-13', '2011-04-26'),
(1641, 480, 117, '2013-07-13', '2013-07-30', '2013-07-20'),
(1642, 223, 5, '2015-02-13', '2015-03-16', '2015-03-13'),
(1643, 317, 110, '2015-05-07', '2015-06-08', '2015-06-04'),
(1644, 396, 142, '2012-10-14', '2012-11-06', '2012-11-04'),
(1645, 178, 240, '2006-02-27', '2006-04-07', '2006-03-06'),
(1646, 245, 64, '2011-06-16', '2011-06-21', '2011-07-07'),
(1647, 312, 186, '2000-04-25', '2000-05-28', '2000-05-16'),
(1648, 27, 80, '2002-02-17', '2002-03-16', '2002-02-24'),
(1649, 80, 239, '2002-04-08', '2002-04-13', '2002-04-29'),
(1650, 305, 239, '2009-06-22', '2009-08-13', '2009-07-06'),
(1651, 265, 105, '2012-08-19', '2012-09-20', '2012-09-09'),
(1652, 490, 127, '2006-04-24', '2006-06-08', '2006-05-01'),
(1653, 348, 193, '2009-11-19', '2009-12-12', '2009-11-26'),
(1655, 131, 9, '2001-10-27', '2001-12-10', '2001-11-10'),
(1656, 158, 197, '2002-12-25', '2003-01-24', '2003-01-01'),
(1657, 404, 77, '2001-10-20', '2001-10-22', '2001-11-10'),
(1658, 314, 121, '2004-01-26', '2004-03-11', '2004-02-09'),
(1659, 423, 20, '2013-11-28', '2013-12-13', '2013-12-26'),
(1660, 4, 241, '2000-10-25', '2000-10-28', '2000-11-22'),
(1661, 9, 193, '2000-06-25', '2000-08-24', '2000-07-16'),
(1662, 192, 219, '2010-06-11', '2010-07-04', '2010-06-25'),
(1663, 243, 45, '2011-02-01', '2011-02-27', '2011-02-22'),
(1664, 386, 149, '2005-07-28', '2005-08-03', '2005-08-25'),
(1665, 284, 225, '2007-02-05', '2007-03-14', '2007-02-19'),
(1666, 201, 144, '2010-03-30', '2010-05-06', '2010-04-13'),
(1667, 204, 171, '2015-05-12', '2015-06-18', '2015-06-09'),
(1668, 390, 122, '2007-12-17', '2007-12-28', '2008-01-07'),
(1669, 95, 164, '2002-05-27', '2002-06-08', '2002-06-10'),
(1670, 152, 90, '2003-06-27', '2003-08-08', '2003-07-11'),
(1671, 364, 187, '2006-04-12', '2006-05-26', '2006-05-10'),
(1672, 37, 41, '2011-05-22', '2011-06-30', '2011-06-19'),
(1674, 147, 63, '2010-10-13', '2010-11-07', '2010-10-20'),
(1675, 19, 200, '2002-11-16', '2003-01-05', '2002-12-14'),
(1676, 194, 203, '2004-07-08', '2004-08-14', '2004-07-29'),
(1677, 414, 65, '2006-02-22', '2006-04-19', '2006-03-15'),
(1678, 413, 6, '2002-09-29', '2002-10-22', '2002-10-27'),
(1679, 459, 143, '2003-04-30', '2003-06-27', '2003-05-14'),
(1680, 397, 205, '2000-12-24', '2001-01-11', '2000-12-31'),
(1681, 278, 16, '2010-12-21', '2010-12-25', '2011-01-04'),
(1682, 225, 18, '2012-11-11', '2012-12-26', '2012-11-18'),
(1683, 365, 89, '2000-04-30', '2000-06-24', '2000-05-07'),
(1684, 225, 124, '2006-05-31', '2006-07-11', '2006-06-21'),
(1685, 324, 38, '2000-07-03', '2000-07-29', '2000-07-31'),
(1686, 39, 76, '2007-08-28', '2007-10-19', '2007-09-25'),
(1687, 335, 16, '2014-07-21', '2014-08-04', '2014-07-28'),
(1688, 405, 36, '2011-10-13', '2011-11-20', '2011-10-27'),
(1689, 432, 225, '2003-03-15', '2003-04-17', '2003-03-22'),
(1690, 424, 238, '2013-07-31', '2013-08-06', '2013-08-07'),
(1691, 140, 227, '2003-09-10', '2003-10-07', '2003-10-01'),
(1692, 447, 113, '2001-03-17', '2001-05-08', '2001-03-24'),
(1693, 477, 10, '2007-02-04', '2007-03-13', '2007-03-04'),
(1694, 51, 230, '2001-09-27', '2001-10-15', '2001-10-25'),
(1695, 36, 121, '2011-03-19', '2011-03-19', '2011-04-02'),
(1696, 497, 109, '2004-10-10', '2004-10-17', '2004-11-07'),
(1697, 112, 68, '2008-09-04', '2008-10-07', '2008-09-18'),
(1698, 371, 143, '2005-09-06', '2005-10-08', '2005-09-27'),
(1699, 299, 85, '2008-03-11', '2008-03-25', '2008-03-25'),
(1700, 305, 74, '2002-06-21', '2002-07-07', '2002-07-05'),
(1701, 409, 83, '2009-07-06', '2009-07-12', '2009-07-20'),
(1702, 408, 74, '2013-11-17', '2013-12-13', '2013-12-08'),
(1703, 200, 49, '2009-03-17', '2009-04-07', '2009-03-24'),
(1704, 232, 21, '2009-04-04', '2009-05-07', '2009-04-11'),
(1705, 291, 80, '2000-08-04', '2000-08-16', '2000-08-25'),
(1706, 384, 41, '2012-12-29', '2013-02-15', '2013-01-05'),
(1707, 264, 183, '2011-03-13', '2011-03-28', '2011-04-10'),
(1708, 165, 195, '2013-05-29', '2013-07-11', '2013-06-05'),
(1709, 93, 73, '2011-12-21', '2012-02-14', '2012-01-18'),
(1710, 207, 153, '2012-08-21', '2012-10-04', '2012-09-11'),
(1711, 487, 162, '2003-12-24', '2004-02-01', '2004-01-07'),
(1712, 325, 49, '2011-08-08', '2011-08-09', '2011-09-05'),
(1713, 459, 36, '2015-02-07', '2015-03-20', '2015-02-21'),
(1714, 11, 77, '2012-09-30', '2012-10-04', '2012-10-28'),
(1715, 14, 238, '2014-08-02', '2014-09-01', '2014-08-23'),
(1716, 201, 96, '2006-06-29', '2006-08-07', '2006-07-06'),
(1717, 398, 84, '2008-11-26', '2008-12-10', '2008-12-24'),
(1718, 138, 27, '2013-08-02', '2013-09-08', '2013-08-23'),
(1719, 236, 33, '2003-04-12', '2003-05-05', '2003-04-26'),
(1720, 425, 153, '2013-05-25', '2013-06-24', '2013-06-15'),
(1721, 289, 67, '2012-01-06', '2012-01-12', '2012-02-03'),
(1722, 198, 217, '2015-06-03', '2015-08-01', '2015-06-24'),
(1723, 136, 228, '2014-03-12', '2014-05-11', '2014-03-19'),
(1724, 332, 83, '2002-09-17', '2002-10-16', '2002-10-15'),
(1725, 92, 92, '2002-11-17', '2002-12-07', '2002-12-01'),
(1726, 443, 67, '2006-09-01', '2006-10-14', '2006-09-15'),
(1727, 76, 33, '2000-06-03', '2000-06-08', '2000-06-10'),
(1728, 315, 196, '2008-07-27', '2008-09-06', '2008-08-03'),
(1729, 62, 1, '2006-09-13', '2006-09-28', '2006-10-04'),
(1730, 165, 210, '2001-09-26', '2001-11-24', '2001-10-17'),
(1731, 219, 108, '2001-05-19', '2001-06-22', '2001-06-09'),
(1732, 487, 151, '2011-11-19', '2011-12-26', '2011-12-17'),
(1733, 399, 41, '2010-04-21', '2010-06-09', '2010-05-05'),
(1734, 4, 211, '2004-04-26', '2004-05-17', '2004-05-17'),
(1735, 62, 25, '2009-02-22', '2009-03-24', '2009-03-15'),
(1736, 497, 25, '2003-07-15', '2003-09-06', '2003-08-12'),
(1737, 292, 217, '2010-05-15', '2010-06-16', '2010-06-05'),
(1738, 179, 99, '2015-06-10', '2015-06-23', '2015-06-24'),
(1739, 28, 86, '2000-03-28', '2000-04-06', '2000-04-25'),
(1740, 432, 153, '2005-05-29', '2005-06-22', '2005-06-19'),
(1741, 492, 119, '2003-01-10', '2003-02-26', '2003-01-24'),
(1742, 338, 131, '2011-10-07', '2011-11-12', '2011-10-21'),
(1743, 368, 221, '2003-10-13', '2003-12-04', '2003-11-10'),
(1744, 39, 180, '2015-04-01', '2015-05-10', '2015-04-08'),
(1745, 149, 27, '2014-05-15', '2014-05-24', '2014-05-29'),
(1746, 327, 22, '2001-12-01', '2002-01-11', '2001-12-22'),
(1747, 412, 42, '2015-05-22', '2015-06-30', '2015-06-12'),
(1748, 364, 6, '2007-04-23', '2007-05-12', '2007-05-07'),
(1749, 322, 114, '2009-10-25', '2009-12-03', '2009-11-15'),
(1750, 311, 99, '2001-08-07', '2001-09-23', '2001-08-14'),
(1751, 372, 149, '2000-10-06', '2000-10-25', '2000-10-20'),
(1752, 388, 83, '2008-07-31', '2008-08-08', '2008-08-07'),
(1753, 42, 34, '2003-10-09', '2003-11-15', '2003-11-06'),
(1754, 468, 218, '2008-08-19', '2008-10-03', '2008-09-02'),
(1755, 151, 85, '2012-10-10', '2012-11-02', '2012-10-24'),
(1756, 314, 187, '2013-08-24', '2013-09-30', '2013-08-31'),
(1757, 458, 165, '2009-02-25', '2009-03-21', '2009-03-04'),
(1758, 397, 140, '2012-04-03', '2012-05-05', '2012-05-01'),
(1759, 185, 235, '2004-03-18', '2004-04-05', '2004-03-25'),
(1760, 52, 232, '2006-12-22', '2007-01-25', '2007-01-12'),
(1761, 393, 183, '2000-12-03', '2000-12-10', '2000-12-31'),
(1762, 34, 227, '2000-02-26', '2000-04-05', '2000-03-04'),
(1763, 483, 51, '2006-11-10', '2006-12-13', '2006-12-08'),
(1764, 458, 215, '2007-04-07', '2007-04-20', '2007-05-05'),
(1765, 218, 25, '2015-04-22', '2015-05-04', '2015-05-20'),
(1767, 6, 29, '2003-08-05', '2003-08-11', '2003-09-02'),
(1768, 107, 37, '2013-06-02', '2013-07-05', '2013-06-30'),
(1769, 76, 203, '2009-05-21', '2009-05-29', '2009-05-28'),
(1770, 262, 196, '2009-09-09', '2009-09-12', '2009-10-07'),
(1771, 156, 78, '2015-05-09', '2015-06-05', '2015-05-23'),
(1772, 1, 1, '2002-10-19', '2002-11-16', '2002-11-09'),
(1773, 461, 225, '2008-08-06', '2008-08-26', '2008-09-03'),
(1774, 342, 148, '2012-11-25', '2013-01-18', '2012-12-02'),
(1775, 251, 27, '2000-12-04', '2001-01-29', '2000-12-18'),
(1776, 495, 52, '2015-01-06', '2015-02-28', '2015-01-20'),
(1777, 337, 12, '2004-02-02', '2004-02-02', '2004-02-09'),
(1778, 410, 240, '2000-11-09', '2000-12-26', '2000-12-07'),
(1779, 27, 124, '2003-10-19', '2003-11-07', '2003-11-16'),
(1780, 181, 109, '2005-01-15', '2005-02-01', '2005-02-12');
INSERT INTO `issuance` (`id_issuance`, `id_copy`, `id_reader`, `issue_date`, `release_date`, `deadline_date`) VALUES
(1781, 238, 101, '2007-08-26', '2007-10-11', '2007-09-23'),
(1782, 486, 166, '2004-02-22', '2004-03-20', '2004-03-07'),
(1783, 417, 225, '2000-02-06', '2000-03-10', '2000-02-27'),
(1784, 386, 231, '2004-11-08', '2004-12-25', '2004-11-29'),
(1785, 393, 53, '2014-05-05', '2014-05-17', '2014-05-26'),
(1787, 496, 116, '2009-10-18', '2009-11-07', '2009-11-08'),
(1788, 77, 63, '2006-09-02', '2006-09-18', '2006-09-09'),
(1789, 134, 210, '2005-11-15', '2005-12-12', '2005-11-29'),
(1790, 472, 220, '2007-03-24', '2007-04-22', '2007-04-14'),
(1791, 402, 137, '2008-01-17', '2008-02-29', '2008-01-24'),
(1792, 191, 65, '2009-01-09', '2009-01-24', '2009-01-23'),
(1793, 272, 185, '2003-08-28', '2003-10-01', '2003-09-04'),
(1794, 201, 200, '2013-11-09', '2013-11-24', '2013-11-16'),
(1795, 197, 89, '2008-01-28', '2008-01-29', '2008-02-25'),
(1796, 372, 80, '2001-03-12', '2001-04-11', '2001-04-09'),
(1797, 376, 43, '2014-12-18', '2015-01-07', '2015-01-01'),
(1798, 80, 46, '2015-03-15', '2015-04-07', '2015-03-22'),
(1799, 69, 82, '2014-04-05', '2014-05-17', '2014-04-12'),
(1800, 131, 9, '2012-07-01', '2012-07-06', '2012-07-29'),
(1801, 11, 200, '2013-08-22', '2013-09-20', '2013-09-05'),
(1802, 411, 135, '2004-10-11', '2004-10-30', '2004-11-01'),
(1803, 496, 138, '2002-12-11', '2003-02-04', '2002-12-18'),
(1804, 355, 27, '2000-07-08', '2000-07-16', '2000-07-15'),
(1806, 303, 133, '2007-10-12', '2007-10-19', '2007-11-02'),
(1807, 401, 155, '2006-08-10', '2006-08-22', '2006-08-17'),
(1808, 496, 85, '2009-05-04', '2009-05-11', '2009-05-25'),
(1809, 299, 186, '2013-05-02', '2013-06-07', '2013-05-23'),
(1810, 347, 187, '2007-07-04', '2007-09-02', '2007-07-11'),
(1811, 387, 218, '2013-04-07', '2013-05-08', '2013-05-05'),
(1812, 142, 208, '2003-09-11', '2003-11-04', '2003-10-02'),
(1813, 148, 174, '2014-08-05', '2014-08-29', '2014-08-12'),
(1814, 196, 211, '2015-03-17', '2015-03-29', '2015-03-31'),
(1815, 331, 197, '2014-02-25', '2014-04-07', '2014-03-11'),
(1816, 91, 232, '2013-05-10', '2013-05-15', '2013-05-17'),
(1817, 328, 92, '2005-04-01', '2005-04-04', '2005-04-15'),
(1818, 498, 67, '2005-08-29', '2005-09-30', '2005-09-19'),
(1819, 385, 65, '2007-05-11', '2007-06-14', '2007-05-25'),
(1820, 352, 112, '2014-09-18', '2014-11-15', '2014-10-16'),
(1821, 71, 233, '2006-04-30', '2006-05-17', '2006-05-21'),
(1822, 217, 12, '2000-08-23', '2000-10-06', '2000-09-20'),
(1823, 35, 205, '2010-04-26', '2010-05-03', '2010-05-10'),
(1824, 47, 155, '2015-05-16', '2015-06-12', '2015-05-30'),
(1825, 397, 133, '2002-09-02', '2002-10-04', '2002-09-23'),
(1826, 302, 95, '2006-10-12', '2006-10-21', '2006-10-19'),
(1827, 345, 200, '2000-08-26', '2000-10-05', '2000-09-16'),
(1828, 135, 38, '2003-02-01', '2003-02-17', '2003-02-08'),
(1829, 241, 27, '2009-10-04', '2009-12-02', '2009-10-18'),
(1830, 446, 31, '2008-04-05', '2008-05-27', '2008-04-26'),
(1831, 270, 49, '2003-10-06', '2003-10-30', '2003-10-13'),
(1832, 56, 185, '2007-06-09', '2007-07-06', '2007-06-30'),
(1833, 197, 89, '2006-04-22', '2006-06-17', '2006-05-13'),
(1834, 327, 122, '2015-03-27', '2015-03-30', '2015-04-24'),
(1835, 378, 229, '2010-01-31', '2010-03-27', '2010-02-14'),
(1836, 377, 4, '2009-08-24', '2009-10-16', '2009-09-21'),
(1837, 278, 132, '2007-12-25', '2008-02-05', '2008-01-01'),
(1838, 246, 105, '2001-07-18', '2001-09-13', '2001-07-25'),
(1839, 372, 44, '2001-08-06', '2001-10-03', '2001-08-20'),
(1840, 42, 59, '2002-05-04', '2002-06-04', '2002-06-01'),
(1841, 342, 211, '2007-06-10', '2007-06-11', '2007-07-01'),
(1842, 441, 13, '2011-09-18', '2011-11-11', '2011-10-16'),
(1843, 434, 212, '2010-04-20', '2010-05-09', '2010-05-11'),
(1844, 487, 6, '2012-04-05', '2012-04-12', '2012-04-26'),
(1845, 99, 7, '2005-02-13', '2005-04-03', '2005-03-06'),
(1846, 230, 173, '2011-05-17', '2011-07-03', '2011-06-14'),
(1847, 454, 161, '2003-06-24', '2003-07-14', '2003-07-08'),
(1848, 212, 93, '2000-02-04', '2000-03-10', '2000-02-25'),
(1849, 135, 107, '2004-03-05', '2004-04-21', '2004-03-19'),
(1850, 430, 96, '2012-08-16', '2012-08-17', '2012-08-30'),
(1851, 77, 210, '2014-05-10', '2014-06-24', '2014-05-17'),
(1852, 40, 39, '2008-10-06', '2008-11-15', '2008-10-13'),
(1853, 352, 78, '2008-02-05', '2008-02-23', '2008-03-04'),
(1854, 164, 53, '2004-08-05', '2004-08-13', '2004-09-02'),
(1855, 192, 59, '2014-08-13', '2014-09-06', '2014-09-10'),
(1856, 140, 222, '2013-04-18', '2013-06-02', '2013-05-16'),
(1857, 218, 51, '2004-05-07', '2004-06-06', '2004-05-28'),
(1858, 113, 191, '2005-10-14', '2005-10-26', '2005-11-04'),
(1859, 107, 48, '2007-10-01', '2007-10-15', '2007-10-22'),
(1860, 266, 146, '2005-02-15', '2005-04-15', '2005-02-22'),
(1861, 490, 205, '2001-07-20', '2001-08-17', '2001-08-03'),
(1862, 493, 207, '2011-03-23', '2011-03-24', '2011-03-30'),
(1863, 181, 94, '2006-12-27', '2007-02-15', '2007-01-24'),
(1864, 1, 20, '2007-07-30', '2007-09-21', '2007-08-06'),
(1865, 145, 75, '2002-11-02', '2002-11-05', '2002-11-23'),
(1866, 56, 225, '2005-12-19', '2006-02-08', '2006-01-16'),
(1867, 412, 218, '2007-10-11', '2007-10-25', '2007-11-08'),
(1869, 453, 60, '2008-07-02', '2008-08-20', '2008-07-16'),
(1870, 204, 163, '2000-09-27', '2000-10-07', '2000-10-11'),
(1871, 145, 122, '2013-12-15', '2014-01-18', '2013-12-22'),
(1872, 110, 225, '2013-11-26', '2013-12-26', '2013-12-24'),
(1873, 240, 220, '2012-08-06', '2012-08-28', '2012-09-03'),
(1874, 279, 7, '2006-11-16', '2006-12-20', '2006-11-23'),
(1875, 190, 20, '2011-01-14', '2011-01-20', '2011-02-11'),
(1876, 149, 73, '2011-03-18', '2011-04-12', '2011-03-25'),
(1877, 320, 74, '2012-11-22', '2012-12-02', '2012-12-20'),
(1878, 56, 116, '2005-01-22', '2005-01-31', '2005-02-19'),
(1879, 291, 240, '2011-10-01', '2011-10-04', '2011-10-22'),
(1880, 437, 124, '2014-06-10', '2014-07-24', '2014-07-08'),
(1881, 187, 162, '2001-12-09', '2002-01-24', '2001-12-30'),
(1882, 457, 195, '2007-04-12', '2007-05-15', '2007-05-10'),
(1883, 1, 214, '2004-12-07', '2005-01-09', '2004-12-21'),
(1885, 90, 161, '2004-05-08', '2004-07-04', '2004-06-05'),
(1886, 454, 7, '2003-07-02', '2003-08-25', '2003-07-23'),
(1887, 443, 149, '2010-11-21', '2010-12-12', '2010-12-05'),
(1888, 252, 55, '2005-06-11', '2005-08-09', '2005-07-02'),
(1889, 230, 233, '2003-09-19', '2003-11-02', '2003-10-03'),
(1890, 352, 216, '2003-01-17', '2003-03-05', '2003-01-31'),
(1891, 32, 195, '2011-09-26', '2011-10-14', '2011-10-10'),
(1892, 232, 10, '2005-11-06', '2006-01-02', '2005-12-04'),
(1893, 229, 232, '2008-12-10', '2009-01-09', '2008-12-24'),
(1894, 352, 65, '2002-12-08', '2002-12-10', '2002-12-29'),
(1895, 323, 132, '2007-12-06', '2008-01-16', '2007-12-20'),
(1896, 407, 203, '2003-11-07', '2003-12-06', '2003-11-14'),
(1897, 120, 210, '2006-09-20', '2006-11-18', '2006-09-27'),
(1898, 310, 21, '2012-07-01', '2012-08-16', '2012-07-29'),
(1899, 107, 121, '2013-05-27', '2013-07-23', '2013-06-03'),
(1900, 235, 197, '2010-02-09', '2010-03-17', '2010-02-23'),
(1901, 272, 159, '2007-11-29', '2008-01-02', '2007-12-20'),
(1902, 368, 17, '2004-06-11', '2004-07-15', '2004-07-09'),
(1903, 493, 175, '2013-01-07', '2013-02-19', '2013-02-04'),
(1904, 21, 76, '2015-02-25', '2015-04-15', '2015-03-04'),
(1905, 128, 112, '2006-02-07', '2006-02-14', '2006-02-14'),
(1906, 440, 47, '2011-01-23', '2011-02-09', '2011-01-30'),
(1907, 187, 192, '2008-09-22', '2008-11-15', '2008-10-06'),
(1908, 316, 58, '2009-06-30', '2009-07-14', '2009-07-28'),
(1909, 316, 187, '2011-04-29', '2011-06-07', '2011-05-06'),
(1910, 267, 232, '2014-10-24', '2014-10-27', '2014-11-21'),
(1911, 96, 155, '2000-08-21', '2000-08-22', '2000-09-04'),
(1912, 403, 79, '2015-02-14', '2015-02-18', '2015-02-28'),
(1913, 435, 130, '2008-08-09', '2008-09-04', '2008-09-06'),
(1914, 202, 98, '2001-01-16', '2001-03-03', '2001-01-23'),
(1915, 314, 104, '2008-05-02', '2008-07-01', '2008-05-09'),
(1916, 272, 90, '2009-11-01', '2009-12-01', '2009-11-29'),
(1917, 58, 183, '2010-05-29', '2010-06-20', '2010-06-05'),
(1918, 492, 114, '2007-05-25', '2007-07-04', '2007-06-15'),
(1919, 373, 119, '2004-12-30', '2005-01-30', '2005-01-27'),
(1920, 105, 84, '2012-04-24', '2012-05-26', '2012-05-15'),
(1921, 290, 210, '2009-02-01', '2009-03-26', '2009-02-22'),
(1922, 14, 34, '2004-03-01', '2004-04-24', '2004-03-22'),
(1923, 500, 241, '2002-02-02', '2002-02-25', '2002-02-16'),
(1924, 222, 122, '2015-03-27', '2015-05-15', '2015-04-24'),
(1925, 407, 183, '2012-04-12', '2012-04-12', '2012-05-03'),
(1926, 387, 159, '2004-07-21', '2004-08-07', '2004-08-18'),
(1927, 216, 63, '2013-12-09', '2014-01-31', '2013-12-23'),
(1928, 474, 129, '2013-04-25', '2013-05-13', '2013-05-02'),
(1929, 62, 180, '2014-05-29', '2014-05-30', '2014-06-19'),
(1930, 48, 162, '2005-07-19', '2005-08-12', '2005-08-09'),
(1931, 26, 22, '2007-11-30', '2007-12-01', '2007-12-07'),
(1932, 495, 188, '2000-02-07', '2000-04-01', '2000-02-28'),
(1933, 395, 155, '2000-11-28', '2000-11-28', '2000-12-05'),
(1934, 278, 135, '2011-01-07', '2011-02-21', '2011-01-14'),
(1935, 140, 119, '2012-03-10', '2012-03-25', '2012-04-07'),
(1936, 392, 20, '2000-06-02', '2000-06-19', '2000-06-16'),
(1937, 284, 191, '2002-04-02', '2002-04-30', '2002-04-16'),
(1938, 442, 4, '2011-07-10', '2011-07-20', '2011-07-17'),
(1939, 168, 236, '2015-04-18', '2015-06-17', '2015-04-25'),
(1940, 454, 86, '2007-07-16', '2007-08-12', '2007-08-06'),
(1942, 369, 231, '2005-11-12', '2005-12-21', '2005-11-19'),
(1943, 398, 123, '2010-08-18', '2010-10-10', '2010-09-08'),
(1944, 219, 213, '2007-03-08', '2007-04-20', '2007-03-29'),
(1945, 267, 97, '2009-08-23', '2009-09-24', '2009-09-20'),
(1946, 21, 223, '2007-01-16', '2007-03-17', '2007-01-30'),
(1947, 273, 224, '2001-03-03', '2001-03-16', '2001-03-31'),
(1948, 347, 18, '2012-10-06', '2012-11-16', '2012-11-03'),
(1949, 132, 119, '2010-08-09', '2010-08-12', '2010-08-16'),
(1950, 208, 44, '2011-05-12', '2011-06-30', '2011-06-09'),
(1951, 274, 235, '2013-04-28', '2013-04-29', '2013-05-26'),
(1952, 190, 170, '2013-07-02', '2013-07-22', '2013-07-30'),
(1953, 31, 149, '2012-01-10', '2012-02-01', '2012-01-24'),
(1954, 243, 107, '2013-10-08', '2013-12-05', '2013-10-29'),
(1955, 487, 104, '2009-03-12', '2009-05-05', '2009-03-19'),
(1956, 356, 87, '2008-09-16', '2008-11-14', '2008-10-07'),
(1957, 73, 189, '2003-09-20', '2003-09-24', '2003-10-18'),
(1958, 15, 219, '2014-11-03', '2014-11-18', '2014-12-01'),
(1959, 361, 48, '2007-10-12', '2007-10-15', '2007-11-09'),
(1960, 387, 27, '2006-11-01', '2006-11-29', '2006-11-08'),
(1961, 262, 172, '2005-05-02', '2005-06-11', '2005-05-23'),
(1962, 229, 70, '2006-09-19', '2006-10-19', '2006-10-17'),
(1963, 39, 32, '2007-08-01', '2007-09-17', '2007-08-29'),
(1964, 442, 120, '2008-06-15', '2008-06-21', '2008-07-06'),
(1965, 351, 151, '2006-06-29', '2006-07-03', '2006-07-27'),
(1966, 255, 47, '2003-06-15', '2003-07-27', '2003-06-22'),
(1967, 81, 149, '2014-10-28', '2014-12-01', '2014-11-25'),
(1968, 349, 225, '2011-01-03', '2011-02-15', '2011-01-10'),
(1969, 300, 201, '2014-07-30', '2014-08-10', '2014-08-13'),
(1970, 109, 220, '2003-01-22', '2003-02-28', '2003-02-19'),
(1971, 24, 106, '2003-03-29', '2003-04-21', '2003-04-05'),
(1972, 493, 50, '2011-02-10', '2011-03-05', '2011-02-17'),
(1973, 297, 55, '2002-07-26', '2002-08-08', '2002-08-16'),
(1974, 377, 201, '2013-06-06', '2013-06-14', '2013-06-27'),
(1975, 161, 178, '2014-05-01', '2014-06-27', '2014-05-15'),
(1976, 167, 139, '2001-04-14', '2001-05-18', '2001-04-28'),
(1977, 51, 196, '2007-07-04', '2007-08-22', '2007-07-25'),
(1978, 165, 96, '2013-09-21', '2013-10-15', '2013-09-28'),
(1979, 33, 195, '2015-06-28', '2015-07-18', '2015-07-19'),
(1980, 37, 33, '2000-07-01', '2000-07-19', '2000-07-29'),
(1981, 9, 68, '2003-11-07', '2003-12-04', '2003-11-14'),
(1982, 93, 131, '2005-12-21', '2006-02-02', '2006-01-04'),
(1983, 127, 19, '2000-08-08', '2000-08-12', '2000-08-29'),
(1984, 357, 22, '2010-03-09', '2010-04-12', '2010-03-16'),
(1985, 105, 109, '2009-01-23', '2009-03-09', '2009-01-30'),
(1986, 422, 17, '2003-07-26', '2003-09-07', '2003-08-02'),
(1987, 95, 207, '2000-12-13', '2001-01-09', '2001-01-03'),
(1988, 201, 76, '2015-05-22', '2015-05-27', '2015-05-29'),
(1989, 463, 92, '2005-01-17', '2005-03-08', '2005-01-31'),
(1990, 212, 232, '2015-01-22', '2015-03-14', '2015-01-29'),
(1991, 54, 151, '2014-03-02', '2014-04-21', '2014-03-09'),
(1992, 297, 211, '2015-06-14', '2015-08-13', '2015-06-21'),
(1993, 320, 82, '2006-04-27', '2006-06-06', '2006-05-04'),
(1994, 103, 32, '2007-10-24', '2007-10-26', '2007-11-14'),
(1995, 329, 123, '2009-11-06', '2009-12-28', '2009-12-04'),
(1996, 2, 54, '2007-04-21', '2007-05-31', '2007-05-12'),
(1997, 219, 195, '2006-08-21', '2006-09-23', '2006-09-18'),
(1998, 278, 173, '2005-05-23', '2005-06-24', '2005-06-13'),
(1999, 57, 113, '2009-05-13', '2009-06-05', '2009-06-10'),
(2000, 210, 115, '2011-01-31', '2011-02-25', '2011-02-28');

-- --------------------------------------------------------

--
-- Table structure for table `reader`
--

DROP TABLE IF EXISTS `reader`;
CREATE TABLE IF NOT EXISTS `reader` (
  `id_reader` int(11) NOT NULL AUTO_INCREMENT,
  `first_name` varchar(45) NOT NULL,
  `last_name` varchar(45) NOT NULL,
  `reader_num` varchar(45) NOT NULL,
  PRIMARY KEY (`id_reader`)
) ENGINE=InnoDB AUTO_INCREMENT=242 DEFAULT CHARSET=utf8;

--
-- Dumping data for table `reader`
--

INSERT INTO `reader` (`id_reader`, `first_name`, `last_name`, `reader_num`) VALUES
(1, 'Clyde', 'Adams', '23514'),
(2, 'Helen', 'Adams', '23657'),
(3, 'Dianne', 'Adkins', '23637'),
(4, 'Theresa', 'Adkins', '23544'),
(5, 'Silvia', 'Armstrong', '23636'),
(6, 'Ellis', 'Arnold', '23528'),
(7, 'Jeremy', 'Bailey', '23676'),
(8, 'Marta', 'Baldwin', '23668'),
(9, 'Bonnie', 'Ballard', '23475'),
(10, 'Roman', 'Ballard', '23675'),
(11, 'Ken', 'Barnes', '23522'),
(12, 'Rene', 'Bass', '23607'),
(13, 'Jesus', 'Beck', '23471'),
(14, 'Audrey', 'Becker', '23565'),
(15, 'Henry', 'Becker', '23685'),
(16, 'Stewart', 'Becker', '23453'),
(17, 'Brenda', 'Bishop', '23626'),
(18, 'Jackie', 'Bishop', '23502'),
(19, 'Dana', 'Black', '23551'),
(20, 'Alfonso', 'Blair', '23553'),
(21, 'Pablo', 'Blair', '23584'),
(22, 'Ernesto', 'Blake', '23498'),
(23, 'Milton', 'Blake', '23615'),
(24, 'Sidney', 'Boone', '23613'),
(25, 'Louise', 'Bowman', '23484'),
(26, 'Ray', 'Boyd', '23508'),
(27, 'Rosalie', 'Brady', '23538'),
(28, 'Myrtle', 'Brewer', '23677'),
(29, 'Gina', 'Brock', '23591'),
(30, 'Laurence', 'Brock', '23536'),
(31, 'Alison', 'Brown', '23651'),
(32, 'Cheryl', 'Bryan', '23505'),
(33, 'Ivan', 'Burke', '23545'),
(34, 'Roderick', 'Cannon', '23480'),
(35, 'Johnnie', 'Carr', '23638'),
(36, 'Rebecca', 'Carson', '23558'),
(37, 'Helen', 'Casey', '23504'),
(38, 'Pat', 'Chandler', '23644'),
(39, 'Amber', 'Chavez', '23603'),
(40, 'Viola', 'Chavez', '23534'),
(41, 'Daniel', 'Clayton', '23470'),
(42, 'Clifford', 'Coleman', '23583'),
(43, 'Barry', 'Collier', '23464'),
(44, 'Bobbie', 'Colon', '23634'),
(45, 'Moses', 'Colon', '23656'),
(46, 'Hope', 'Conner', '23688'),
(47, 'Vickie', 'Cooper', '23578'),
(48, 'Carroll', 'Cox', '23518'),
(49, 'Marie', 'Cross', '23690'),
(50, 'Kathy', 'Cummings', '23648'),
(51, 'Boyd', 'Cunningham', '23628'),
(52, 'Darnell', 'Dawson', '23563'),
(53, 'Tim', 'Dean', '23661'),
(54, 'Eugene', 'Diaz', '23629'),
(55, 'Matt', 'Dixon', '23468'),
(56, 'Isaac', 'Ellis', '23521'),
(57, 'Kathleen', 'Ellis', '23602'),
(58, 'Mandy', 'Erickson', '23617'),
(59, 'Max', 'Erickson', '23489'),
(60, 'Lester', 'Fitzgerald', '23672'),
(61, 'Allen', 'Flores', '23575'),
(62, 'Jana', 'Flores', '23658'),
(63, 'Thomas', 'Flowers', '23604'),
(64, 'Eva', 'Floyd', '23481'),
(65, 'Walter', 'Ford', '23455'),
(66, 'Erin', 'Foster', '23612'),
(67, 'Dora', 'Fowler', '23660'),
(68, 'Javier', 'Franklin', '23539'),
(69, 'Alfonso', 'Garcia', '23687'),
(70, 'Tonya', 'Gardner', '23598'),
(71, 'Katrina', 'Garner', '23581'),
(72, 'Brandon', 'Gibson', '23555'),
(73, 'Darrin', 'Glover', '23527'),
(74, 'Nora', 'Gonzales', '23631'),
(75, 'Johnathan', 'Gonzalez', '23667'),
(76, 'Lonnie', 'Goodwin', '23510'),
(77, 'Tony', 'Goodwin', '23642'),
(78, 'Marta', 'Graham', '23458'),
(79, 'Jose', 'Graves', '23520'),
(80, 'Jerry', 'Griffith', '23525'),
(81, 'Shane', 'Gutierrez', '23645'),
(82, 'Sylvia', 'Gutierrez', '23495'),
(83, 'Krystal', 'Hale', '23482'),
(84, 'Cesar', 'Hamilton', '23456'),
(85, 'Jeremiah', 'Hammond', '23659'),
(86, 'Garrett', 'Hardy', '23477'),
(87, 'Guadalupe', 'Harmon', '23526'),
(88, 'Dallas', 'Harper', '23454'),
(89, 'Theresa', 'Hayes', '23618'),
(90, 'Pete', 'Haynes', '23580'),
(91, 'Brenda', 'Henderson', '23473'),
(92, 'Lee', 'Henry', '23488'),
(93, 'Maureen', 'Henry', '23576'),
(94, 'Ebony', 'Higgins', '23474'),
(95, 'Kerry', 'Hines', '23599'),
(96, 'David', 'Holloway', '23609'),
(97, 'Amanda', 'Horton', '23560'),
(98, 'Clark', 'Howell', '23597'),
(99, 'Jesse', 'Huff', '23487'),
(100, 'Josh', 'Hunt', '23497'),
(101, 'Stacey', 'Hunter', '23451'),
(102, 'Forrest', 'Jackson', '23515'),
(103, 'Katrina', 'Jacobs', '23537'),
(104, 'Jacob', 'Jensen', '23630'),
(105, 'Mitchell', 'Johnson', '23639'),
(106, 'Blake', 'Johnston', '23573'),
(107, 'Brandi', 'Joseph', '23670'),
(108, 'Pete', 'Kelley', '23533'),
(109, 'Grant', 'Kennedy', '23507'),
(110, 'Marsha', 'Kennedy', '23564'),
(111, 'Johnny', 'Kim', '23485'),
(112, 'Jeremiah', 'Klein', '23476'),
(113, 'Lorena', 'Lamb', '23512'),
(114, 'Olivia', 'Lamb', '23585'),
(115, 'Bernard', 'Lambert', '23519'),
(116, 'Jackie', 'Lambert', '23606'),
(117, 'Lucia', 'Larson', '23625'),
(118, 'Marilyn', 'Larson', '23465'),
(119, 'Lucille', 'Lawrence', '23554'),
(120, 'Miriam', 'Lewis', '23596'),
(121, 'Georgia', 'Little', '23622'),
(122, 'Fannie', 'Long', '23548'),
(123, 'Bertha', 'Lopez', '23569'),
(124, 'Andre', 'Love', '23588'),
(125, 'Judy', 'Mack', '23540'),
(126, 'Joel', 'Maldonado', '23664'),
(127, 'Dorothy', 'Mann', '23469'),
(128, 'Christine', 'Marsh', '23587'),
(129, 'Clayton', 'Martin', '23647'),
(130, 'Ian', 'Martin', '23679'),
(131, 'Beverly', 'Mcbride', '23590'),
(132, 'Monica', 'Mcbride', '23684'),
(133, 'Renee', 'Mcbride', '23486'),
(134, 'Jessica', 'Mccarthy', '23655'),
(135, 'Alton', 'Mcdonald', '23608'),
(136, 'Yolanda', 'Mcguire', '23523'),
(137, 'Jennie', 'Mckinney', '23595'),
(138, 'Jessie', 'Mclaughlin', '23483'),
(139, 'Marcus', 'Medina', '23467'),
(140, 'Virginia', 'Mendoza', '23511'),
(141, 'Nadine', 'Miller', '23466'),
(142, 'Samantha', 'Mills', '23513'),
(143, 'Brooke', 'Montgomery', '23499'),
(144, 'Felicia', 'Moody', '23674'),
(145, 'Jeffery', 'Moody', '23531'),
(146, 'Brian', 'Morales', '23547'),
(147, 'Alfredo', 'Moreno', '23494'),
(148, 'Rosa', 'Morrison', '23600'),
(149, 'Nadine', 'Morton', '23632'),
(150, 'Santiago', 'Murray', '23559'),
(151, 'Kim', 'Myers', '23457'),
(152, 'Tyler', 'Myers', '23633'),
(153, 'Robert', 'Nelson', '23532'),
(154, 'Benny', 'Nunez', '23621'),
(155, 'Alvin', 'Obrien', '23683'),
(156, 'Holly', 'Obrien', '23463'),
(157, 'Joshua', 'Obrien', '23610'),
(158, 'Virgil', 'Ortiz', '23616'),
(159, 'Brendan', 'Osborne', '23652'),
(160, 'Mona', 'Parker', '23611'),
(161, 'Ronnie', 'Parsons', '23562'),
(162, 'Felipe', 'Patrick', '23650'),
(163, 'Hattie', 'Patton', '23577'),
(164, 'Ramon', 'Paul', '23614'),
(165, 'Cecil', 'Pena', '23496'),
(166, 'Mack', 'Pena', '23623'),
(167, 'Levi', 'Perez', '23579'),
(168, 'Hattie', 'Perry', '23503'),
(169, 'Craig', 'Peters', '23665'),
(170, 'Rolando', 'Peters', '23543'),
(171, 'Casey', 'Peterson', '23635'),
(172, 'Ora', 'Phillips', '23567'),
(173, 'Craig', 'Pittman', '23493'),
(174, 'Sherry', 'Pittman', '23673'),
(175, 'Johnathan', 'Pope', '23506'),
(176, 'Wendell', 'Pope', '23593'),
(177, 'Dominic', 'Potter', '23570'),
(178, 'Abel', 'Powell', '23509'),
(179, 'Earl', 'Price', '23541'),
(180, 'Michele', 'Ramos', '23682'),
(181, 'Tracey', 'Ramsey', '23654'),
(182, 'Tyrone', 'Ray', '23662'),
(183, 'Lynda', 'Reynolds', '23689'),
(184, 'Donald', 'Rice', '23589'),
(185, 'Jody', 'Robinson', '23620'),
(186, 'Beatrice', 'Rodgers', '23641'),
(187, 'Marlene', 'Rodgers', '23535'),
(188, 'Kelly', 'Rodriguez', '23619'),
(189, 'Clyde', 'Rodriquez', '23571'),
(190, 'Hugh', 'Rowe', '23649'),
(191, 'Joanna', 'Roy', '23490'),
(192, 'Kristina', 'Roy', '23556'),
(193, 'Roosevelt', 'Roy', '23691'),
(194, 'Lynette', 'Russell', '23566'),
(195, 'Jacob', 'Sanders', '23669'),
(196, 'Rudolph', 'Santos', '23681'),
(197, 'Anita', 'Schultz', '23671'),
(198, 'Josephine', 'Shaw', '23568'),
(199, 'Victor', 'Silva', '23501'),
(200, 'Erika', 'Simmons', '23624'),
(201, 'Candice', 'Simpson', '23516'),
(202, 'Robin', 'Smith', '23680'),
(203, 'Allison', 'Snyder', '23530'),
(204, 'Rosemary', 'Soto', '23500'),
(205, 'Javier', 'Steele', '23666'),
(206, 'Simon', 'Steele', '23491'),
(207, 'Freda', 'Stevenson', '23542'),
(208, 'Ryan', 'Stevenson', '23640'),
(209, 'Tami', 'Stokes', '23653'),
(210, 'Vicky', 'Stokes', '23529'),
(211, 'Clayton', 'Sullivan', '23462'),
(212, 'Cindy', 'Taylor', '23461'),
(213, 'Debra', 'Terry', '23678'),
(214, 'Jean', 'Thomas', '23643'),
(215, 'Alexandra', 'Thompson', '23594'),
(216, 'Natasha', 'Torres', '23557'),
(217, 'Tamara', 'Turner', '23472'),
(218, 'Leo', 'Underwood', '23605'),
(219, 'Patti', 'Valdez', '23663'),
(220, 'Alfred', 'Vasquez', '23574'),
(221, 'Derrick', 'Vaughn', '23572'),
(222, 'Julie', 'Vaughn', '23460'),
(223, 'Christy', 'Vega', '23452'),
(224, 'Elias', 'Vega', '23646'),
(225, 'Bradley', 'Wade', '23592'),
(226, 'Alberto', 'Wagner', '23582'),
(227, 'Shelly', 'Wallace', '23478'),
(228, 'Clay', 'Walsh', '23549'),
(229, 'Katie', 'Walsh', '23561'),
(230, 'Julie', 'Ward', '23686'),
(231, 'Leslie', 'Washington', '23627'),
(232, 'Nick', 'Watson', '23517'),
(233, 'Caleb', 'Watts', '23601'),
(234, 'Alan', 'Weaver', '23552'),
(235, 'Lillian', 'Weaver', '23586'),
(236, 'Stephen', 'West', '23479'),
(237, 'Connie', 'Wilson', '23546'),
(238, 'Iris', 'Wise', '23459'),
(239, 'Bridget', 'Wolfe', '23550'),
(240, 'Tyrone', 'Woods', '23524'),
(241, 'Abraham', 'Young', '23492');

--
-- Constraints for dumped tables
--

--
-- Constraints for table `author_has_book`
--
ALTER TABLE `author_has_book`
  ADD CONSTRAINT `fk_author_has_book_author` FOREIGN KEY (`id_author`) REFERENCES `author` (`id_author`) ON DELETE CASCADE ON UPDATE CASCADE,
  ADD CONSTRAINT `fk_author_has_book_book` FOREIGN KEY (`id_book`) REFERENCES `book` (`id_book`) ON DELETE CASCADE ON UPDATE CASCADE;

--
-- Constraints for table `category_has_book`
--
ALTER TABLE `category_has_book`
  ADD CONSTRAINT `fk_category_has_book_book` FOREIGN KEY (`id_book`) REFERENCES `book` (`id_book`) ON DELETE CASCADE ON UPDATE CASCADE,
  ADD CONSTRAINT `fk_category_has_book_category` FOREIGN KEY (`id_category`) REFERENCES `category` (`id_category`) ON DELETE CASCADE ON UPDATE CASCADE;

--
-- Constraints for table `copy`
--
ALTER TABLE `copy`
  ADD CONSTRAINT `fk_copy_book` FOREIGN KEY (`id_book`) REFERENCES `book` (`id_book`) ON DELETE CASCADE ON UPDATE CASCADE;

--
-- Constraints for table `issuance`
--
ALTER TABLE `issuance`
  ADD CONSTRAINT `fk_issuance_copy` FOREIGN KEY (`id_copy`) REFERENCES `copy` (`id_copy`) ON DELETE CASCADE ON UPDATE CASCADE,
  ADD CONSTRAINT `fk_issuance_reader` FOREIGN KEY (`id_reader`) REFERENCES `reader` (`id_reader`) ON DELETE CASCADE ON UPDATE CASCADE;
COMMIT;

/*!40101 SET CHARACTER_SET_CLIENT=@OLD_CHARACTER_SET_CLIENT */;
/*!40101 SET CHARACTER_SET_RESULTS=@OLD_CHARACTER_SET_RESULTS */;
/*!40101 SET COLLATION_CONNECTION=@OLD_COLLATION_CONNECTION */;
